competencia,percentual_mensal_pct,status,fonte
1989-06,19.6800000000,OFICIAL,BCB SGS 28655 / FGV IGP-M
1989-07,35.9051127766,OFICIAL,BCB SGS 28655 / FGV IGP-M
1989-08,36.9161407533,OFICIAL,BCB SGS 28655 / FGV IGP-M
1989-09,39.9175643343,OFICIAL,BCB SGS 28655 / FGV IGP-M
1989-10,40.6362671267,OFICIAL,BCB SGS 28655 / FGV IGP-M
1989-11,40.4817298239,OFICIAL,BCB SGS 28655 / FGV IGP-M
1989-12,47.1319259269,OFICIAL,BCB SGS 28655 / FGV IGP-M
1990-01,61.4600847127,OFICIAL,BCB SGS 28655 / FGV IGP-M
1990-02,81.2853455849,OFICIAL,BCB SGS 28655 / FGV IGP-M
1990-03,83.9452765318,OFICIAL,BCB SGS 28655 / FGV IGP-M
1990-04,28.3500801557,OFICIAL,BCB SGS 28655 / FGV IGP-M
1990-05,5.9263885249,OFICIAL,BCB SGS 28655 / FGV IGP-M
1990-06,9.9369781690,OFICIAL,BCB SGS 28655 / FGV IGP-M
1990-07,12.0116832126,OFICIAL,BCB SGS 28655 / FGV IGP-M
1990-08,13.6199210219,OFICIAL,BCB SGS 28655 / FGV IGP-M
1990-09,12.8024322920,OFICIAL,BCB SGS 28655 / FGV IGP-M
1990-10,12.9695004447,OFICIAL,BCB SGS 28655 / FGV IGP-M
1990-11,16.8589170143,OFICIAL,BCB SGS 28655 / FGV IGP-M
1990-12,17.9992594653,OFICIAL,BCB SGS 28655 / FGV IGP-M
1991-01,17.7005607501,OFICIAL,BCB SGS 28655 / FGV IGP-M
1991-02,21.0181836704,OFICIAL,BCB SGS 28655 / FGV IGP-M
1991-03,9.1862670137,OFICIAL,BCB SGS 28655 / FGV IGP-M
1991-04,7.8065907426,OFICIAL,BCB SGS 28655 / FGV IGP-M
1991-05,7.4812412055,OFICIAL,BCB SGS 28655 / FGV IGP-M
1991-06,8.4803065232,OFICIAL,BCB SGS 28655 / FGV IGP-M
1991-07,13.2199504320,OFICIAL,BCB SGS 28655 / FGV IGP-M
1991-08,15.2514638463,OFICIAL,BCB SGS 28655 / FGV IGP-M
1991-09,14.9253452955,OFICIAL,BCB SGS 28655 / FGV IGP-M
1991-10,22.6331036833,OFICIAL,BCB SGS 28655 / FGV IGP-M
1991-11,25.6223448604,OFICIAL,BCB SGS 28655 / FGV IGP-M
1991-12,23.6342662094,OFICIAL,BCB SGS 28655 / FGV IGP-M
1992-01,23.5566292164,OFICIAL,BCB SGS 28655 / FGV IGP-M
1992-02,27.8574901466,OFICIAL,BCB SGS 28655 / FGV IGP-M
1992-03,21.3938962426,OFICIAL,BCB SGS 28655 / FGV IGP-M
1992-04,19.9387266337,OFICIAL,BCB SGS 28655 / FGV IGP-M
1992-05,20.4250723797,OFICIAL,BCB SGS 28655 / FGV IGP-M
1992-06,23.6087355105,OFICIAL,BCB SGS 28655 / FGV IGP-M
1992-07,21.8350827200,OFICIAL,BCB SGS 28655 / FGV IGP-M
1992-08,24.6286073221,OFICIAL,BCB SGS 28655 / FGV IGP-M
1992-09,25.2708527970,OFICIAL,BCB SGS 28655 / FGV IGP-M
1992-10,26.7614387209,OFICIAL,BCB SGS 28655 / FGV IGP-M
1992-11,23.4288958274,OFICIAL,BCB SGS 28655 / FGV IGP-M
1992-12,25.0754718559,OFICIAL,BCB SGS 28655 / FGV IGP-M
1993-01,25.8299819813,OFICIAL,BCB SGS 28655 / FGV IGP-M
1993-02,28.4113400939,OFICIAL,BCB SGS 28655 / FGV IGP-M
1993-03,26.2532094451,OFICIAL,BCB SGS 28655 / FGV IGP-M
1993-04,28.8333434388,OFICIAL,BCB SGS 28655 / FGV IGP-M
1993-05,29.7004125004,OFICIAL,BCB SGS 28655 / FGV IGP-M
1993-06,31.4951749568,OFICIAL,BCB SGS 28655 / FGV IGP-M
1993-07,31.2515382263,OFICIAL,BCB SGS 28655 / FGV IGP-M
1993-08,31.7854829361,OFICIAL,BCB SGS 28655 / FGV IGP-M
1993-09,35.2818164571,OFICIAL,BCB SGS 28655 / FGV IGP-M
1993-10,35.0370198023,OFICIAL,BCB SGS 28655 / FGV IGP-M
1993-11,36.1532288520,OFICIAL,BCB SGS 28655 / FGV IGP-M
1993-12,38.3235619411,OFICIAL,BCB SGS 28655 / FGV IGP-M
1994-01,39.0707146662,OFICIAL,BCB SGS 28655 / FGV IGP-M
1994-02,40.7784226083,OFICIAL,BCB SGS 28655 / FGV IGP-M
1994-03,45.7108290285,OFICIAL,BCB SGS 28655 / FGV IGP-M
1994-04,40.9092905969,OFICIAL,BCB SGS 28655 / FGV IGP-M
1994-05,42.5775294701,OFICIAL,BCB SGS 28655 / FGV IGP-M
1994-06,45.2129380997,OFICIAL,BCB SGS 28655 / FGV IGP-M
1994-07,4.3300000000,OFICIAL,BCB SGS 28655 / FGV IGP-M
1994-08,3.9400000000,OFICIAL,BCB SGS 28655 / FGV IGP-M
1994-09,1.7510000000,OFICIAL,BCB SGS 28655 / FGV IGP-M
1994-10,1.8191467406,OFICIAL,BCB SGS 28655 / FGV IGP-M
1994-11,2.8484006100,OFICIAL,BCB SGS 28655 / FGV IGP-M
1994-12,0.8418345800,OFICIAL,BCB SGS 28655 / FGV IGP-M
1995-01,0.9232201024,OFICIAL,BCB SGS 28655 / FGV IGP-M
1995-02,1.3859943564,OFICIAL,BCB SGS 28655 / FGV IGP-M
1995-03,1.1214698258,OFICIAL,BCB SGS 28655 / FGV IGP-M
1995-04,2.1047329508,OFICIAL,BCB SGS 28655 / FGV IGP-M
1995-05,0.5752391691,OFICIAL,BCB SGS 28655 / FGV IGP-M
1995-06,2.4638480875,OFICIAL,BCB SGS 28655 / FGV IGP-M
1995-07,1.8207618136,OFICIAL,BCB SGS 28655 / FGV IGP-M
1995-08,2.1953758584,OFICIAL,BCB SGS 28655 / FGV IGP-M
1995-09,-0.7064873613,OFICIAL,BCB SGS 28655 / FGV IGP-M
1995-10,0.5245348270,OFICIAL,BCB SGS 28655 / FGV IGP-M
1995-11,1.1950322214,OFICIAL,BCB SGS 28655 / FGV IGP-M
1995-12,0.7140823879,OFICIAL,BCB SGS 28655 / FGV IGP-M
1996-01,1.7313640144,OFICIAL,BCB SGS 28655 / FGV IGP-M
1996-02,0.9723997238,OFICIAL,BCB SGS 28655 / FGV IGP-M
1996-03,0.4032955457,OFICIAL,BCB SGS 28655 / FGV IGP-M
1996-04,0.3249422542,OFICIAL,BCB SGS 28655 / FGV IGP-M
1996-05,1.5538905799,OFICIAL,BCB SGS 28655 / FGV IGP-M
1996-06,1.0175144673,OFICIAL,BCB SGS 28655 / FGV IGP-M
1996-07,1.3450492601,OFICIAL,BCB SGS 28655 / FGV IGP-M
1996-08,0.2807533799,OFICIAL,BCB SGS 28655 / FGV IGP-M
1996-09,0.1010577377,OFICIAL,BCB SGS 28655 / FGV IGP-M
1996-10,0.1914419467,OFICIAL,BCB SGS 28655 / FGV IGP-M
1996-11,0.1970472764,OFICIAL,BCB SGS 28655 / FGV IGP-M
1996-12,0.7322596505,OFICIAL,BCB SGS 28655 / FGV IGP-M
1997-01,1.7659456461,OFICIAL,BCB SGS 28655 / FGV IGP-M
1997-02,0.4294652395,OFICIAL,BCB SGS 28655 / FGV IGP-M
1997-03,1.1511967816,OFICIAL,BCB SGS 28655 / FGV IGP-M
1997-04,0.6774205086,OFICIAL,BCB SGS 28655 / FGV IGP-M
1997-05,0.2117349476,OFICIAL,BCB SGS 28655 / FGV IGP-M
1997-06,0.7444696540,OFICIAL,BCB SGS 28655 / FGV IGP-M
1997-07,0.0921950876,OFICIAL,BCB SGS 28655 / FGV IGP-M
1997-08,0.0928132976,OFICIAL,BCB SGS 28655 / FGV IGP-M
1997-09,0.4840080645,OFICIAL,BCB SGS 28655 / FGV IGP-M
1997-10,0.3670250696,OFICIAL,BCB SGS 28655 / FGV IGP-M
1997-11,0.6366365530,OFICIAL,BCB SGS 28655 / FGV IGP-M
1997-12,0.8402488909,OFICIAL,BCB SGS 28655 / FGV IGP-M
1998-01,0.9581660318,OFICIAL,BCB SGS 28655 / FGV IGP-M
1998-02,0.1801605809,OFICIAL,BCB SGS 28655 / FGV IGP-M
1998-03,0.1893373870,OFICIAL,BCB SGS 28655 / FGV IGP-M
1998-04,0.1259863853,OFICIAL,BCB SGS 28655 / FGV IGP-M
1998-05,0.1352987735,OFICIAL,BCB SGS 28655 / FGV IGP-M
1998-06,0.3830537559,OFICIAL,BCB SGS 28655 / FGV IGP-M
1998-07,-0.1675774625,OFICIAL,BCB SGS 28655 / FGV IGP-M
1998-08,-0.1550502565,OFICIAL,BCB SGS 28655 / FGV IGP-M
1998-09,-0.0843973020,OFICIAL,BCB SGS 28655 / FGV IGP-M
1998-10,0.0783868526,OFICIAL,BCB SGS 28655 / FGV IGP-M
1998-11,-0.3187035787,OFICIAL,BCB SGS 28655 / FGV IGP-M
1998-12,0.4491017964,OFICIAL,BCB SGS 28655 / FGV IGP-M
1999-01,0.8375423997,OFICIAL,BCB SGS 28655 / FGV IGP-M
1999-02,3.6112430032,OFICIAL,BCB SGS 28655 / FGV IGP-M
1999-03,2.8347737409,OFICIAL,BCB SGS 28655 / FGV IGP-M
1999-04,0.7117527067,OFICIAL,BCB SGS 28655 / FGV IGP-M
1999-05,-0.2885472301,OFICIAL,BCB SGS 28655 / FGV IGP-M
1999-06,0.3606340159,OFICIAL,BCB SGS 28655 / FGV IGP-M
1999-07,1.5488282588,OFICIAL,BCB SGS 28655 / FGV IGP-M
1999-08,1.5595486324,OFICIAL,BCB SGS 28655 / FGV IGP-M
1999-09,1.4456259850,OFICIAL,BCB SGS 28655 / FGV IGP-M
1999-10,1.7047923475,OFICIAL,BCB SGS 28655 / FGV IGP-M
1999-11,2.3867354165,OFICIAL,BCB SGS 28655 / FGV IGP-M
1999-12,1.8063439256,OFICIAL,BCB SGS 28655 / FGV IGP-M
2000-01,1.2363909960,OFICIAL,BCB SGS 28655 / FGV IGP-M
2000-02,0.3516342117,OFICIAL,BCB SGS 28655 / FGV IGP-M
2000-03,0.1541990217,OFICIAL,BCB SGS 28655 / FGV IGP-M
2000-04,0.2323220060,OFICIAL,BCB SGS 28655 / FGV IGP-M
2000-05,0.3050072948,OFICIAL,BCB SGS 28655 / FGV IGP-M
2000-06,0.8540581484,OFICIAL,BCB SGS 28655 / FGV IGP-M
2000-07,1.5722876813,OFICIAL,BCB SGS 28655 / FGV IGP-M
2000-08,2.3859532561,OFICIAL,BCB SGS 28655 / FGV IGP-M
2000-09,1.1565412613,OFICIAL,BCB SGS 28655 / FGV IGP-M
2000-10,0.3843825822,OFICIAL,BCB SGS 28655 / FGV IGP-M
2000-11,0.2880849309,OFICIAL,BCB SGS 28655 / FGV IGP-M
2000-12,0.6310412695,OFICIAL,BCB SGS 28655 / FGV IGP-M
2001-01,0.6219775618,OFICIAL,BCB SGS 28655 / FGV IGP-M
2001-02,0.2263442361,OFICIAL,BCB SGS 28655 / FGV IGP-M
2001-03,0.5645826898,OFICIAL,BCB SGS 28655 / FGV IGP-M
2001-04,0.9994662800,OFICIAL,BCB SGS 28655 / FGV IGP-M
2001-05,0.8639470365,OFICIAL,BCB SGS 28655 / FGV IGP-M
2001-06,0.9815938791,OFICIAL,BCB SGS 28655 / FGV IGP-M
2001-07,1.4835299300,OFICIAL,BCB SGS 28655 / FGV IGP-M
2001-08,1.3841931890,OFICIAL,BCB SGS 28655 / FGV IGP-M
2001-09,0.3054074240,OFICIAL,BCB SGS 28655 / FGV IGP-M
2001-10,1.1790204550,OFICIAL,BCB SGS 28655 / FGV IGP-M
2001-11,1.0996582903,OFICIAL,BCB SGS 28655 / FGV IGP-M
2001-12,0.2216194914,OFICIAL,BCB SGS 28655 / FGV IGP-M
2002-01,0.3613014253,OFICIAL,BCB SGS 28655 / FGV IGP-M
2002-02,0.0599232982,OFICIAL,BCB SGS 28655 / FGV IGP-M
2002-03,0.0930558243,OFICIAL,BCB SGS 28655 / FGV IGP-M
2002-04,0.5568953773,OFICIAL,BCB SGS 28655 / FGV IGP-M
2002-05,0.8265975852,OFICIAL,BCB SGS 28655 / FGV IGP-M
2002-06,1.5415902529,OFICIAL,BCB SGS 28655 / FGV IGP-M
2002-07,1.9531669111,OFICIAL,BCB SGS 28655 / FGV IGP-M
2002-08,2.3200340266,OFICIAL,BCB SGS 28655 / FGV IGP-M
2002-09,2.3977064299,OFICIAL,BCB SGS 28655 / FGV IGP-M
2002-10,3.8737272069,OFICIAL,BCB SGS 28655 / FGV IGP-M
2002-11,5.1897872272,OFICIAL,BCB SGS 28655 / FGV IGP-M
2002-12,3.7486594147,OFICIAL,BCB SGS 28655 / FGV IGP-M
2003-01,2.3280798325,OFICIAL,BCB SGS 28655 / FGV IGP-M
2003-02,2.2848545854,OFICIAL,BCB SGS 28655 / FGV IGP-M
2003-03,1.5340063350,OFICIAL,BCB SGS 28655 / FGV IGP-M
2003-04,0.9230341665,OFICIAL,BCB SGS 28655 / FGV IGP-M
2003-05,-0.2633281930,OFICIAL,BCB SGS 28655 / FGV IGP-M
2003-06,-1.0022536903,OFICIAL,BCB SGS 28655 / FGV IGP-M
2003-07,-0.4162555823,OFICIAL,BCB SGS 28655 / FGV IGP-M
2003-08,0.3801868727,OFICIAL,BCB SGS 28655 / FGV IGP-M
2003-09,1.1829738260,OFICIAL,BCB SGS 28655 / FGV IGP-M
2003-10,0.3798336591,OFICIAL,BCB SGS 28655 / FGV IGP-M
2003-11,0.4903357839,OFICIAL,BCB SGS 28655 / FGV IGP-M
2003-12,0.6143710897,OFICIAL,BCB SGS 28655 / FGV IGP-M
2004-01,0.8775534462,OFICIAL,BCB SGS 28655 / FGV IGP-M
2004-02,0.6928383142,OFICIAL,BCB SGS 28655 / FGV IGP-M
2004-03,1.1324085497,OFICIAL,BCB SGS 28655 / FGV IGP-M
2004-04,1.2122955264,OFICIAL,BCB SGS 28655 / FGV IGP-M
2004-05,1.3068714458,OFICIAL,BCB SGS 28655 / FGV IGP-M
2004-06,1.3757770384,OFICIAL,BCB SGS 28655 / FGV IGP-M
2004-07,1.3081270534,OFICIAL,BCB SGS 28655 / FGV IGP-M
2004-08,1.2180879786,OFICIAL,BCB SGS 28655 / FGV IGP-M
2004-09,0.6944530601,OFICIAL,BCB SGS 28655 / FGV IGP-M
2004-10,0.3924214002,OFICIAL,BCB SGS 28655 / FGV IGP-M
2004-11,0.8170591394,OFICIAL,BCB SGS 28655 / FGV IGP-M
2004-12,0.7355715973,OFICIAL,BCB SGS 28655 / FGV IGP-M
2005-01,0.3906285404,OFICIAL,BCB SGS 28655 / FGV IGP-M
2005-02,0.2979253562,OFICIAL,BCB SGS 28655 / FGV IGP-M
2005-03,0.8506156837,OFICIAL,BCB SGS 28655 / FGV IGP-M
2005-04,0.8648619702,OFICIAL,BCB SGS 28655 / FGV IGP-M
2005-05,-0.2156151373,OFICIAL,BCB SGS 28655 / FGV IGP-M
2005-06,-0.4428035554,OFICIAL,BCB SGS 28655 / FGV IGP-M
2005-07,-0.3378849825,OFICIAL,BCB SGS 28655 / FGV IGP-M
2005-08,-0.6521421783,OFICIAL,BCB SGS 28655 / FGV IGP-M
2005-09,-0.5349742409,OFICIAL,BCB SGS 28655 / FGV IGP-M
2005-10,0.6041786005,OFICIAL,BCB SGS 28655 / FGV IGP-M
2005-11,0.4012658304,OFICIAL,BCB SGS 28655 / FGV IGP-M
2005-12,-0.0080589076,OFICIAL,BCB SGS 28655 / FGV IGP-M
2006-01,0.9184910121,OFICIAL,BCB SGS 28655 / FGV IGP-M
2006-02,0.0133103410,OFICIAL,BCB SGS 28655 / FGV IGP-M
2006-03,-0.2333435859,OFICIAL,BCB SGS 28655 / FGV IGP-M
2006-04,-0.4203486700,OFICIAL,BCB SGS 28655 / FGV IGP-M
2006-05,0.3762789465,OFICIAL,BCB SGS 28655 / FGV IGP-M
2006-06,0.7494402183,OFICIAL,BCB SGS 28655 / FGV IGP-M
2006-07,0.1766201959,OFICIAL,BCB SGS 28655 / FGV IGP-M
2006-08,0.3708361739,OFICIAL,BCB SGS 28655 / FGV IGP-M
2006-09,0.2889564194,OFICIAL,BCB SGS 28655 / FGV IGP-M
2006-10,0.4653185856,OFICIAL,BCB SGS 28655 / FGV IGP-M
2006-11,0.7528584504,OFICIAL,BCB SGS 28655 / FGV IGP-M
2006-12,0.3160815121,OFICIAL,BCB SGS 28655 / FGV IGP-M
2007-01,0.5033894699,OFICIAL,BCB SGS 28655 / FGV IGP-M
2007-02,0.2663096801,OFICIAL,BCB SGS 28655 / FGV IGP-M
2007-03,0.3403475939,OFICIAL,BCB SGS 28655 / FGV IGP-M
2007-04,0.0432165633,OFICIAL,BCB SGS 28655 / FGV IGP-M
2007-05,0.0429136980,OFICIAL,BCB SGS 28655 / FGV IGP-M
2007-06,0.2602124879,OFICIAL,BCB SGS 28655 / FGV IGP-M
2007-07,0.2788040891,OFICIAL,BCB SGS 28655 / FGV IGP-M
2007-08,0.9844032550,OFICIAL,BCB SGS 28655 / FGV IGP-M
2007-09,1.2851003346,OFICIAL,BCB SGS 28655 / FGV IGP-M
2007-10,1.0489037202,OFICIAL,BCB SGS 28655 / FGV IGP-M
2007-11,0.6943798969,OFICIAL,BCB SGS 28655 / FGV IGP-M
2007-12,1.7595443266,OFICIAL,BCB SGS 28655 / FGV IGP-M
2008-01,1.0898710030,OFICIAL,BCB SGS 28655 / FGV IGP-M
2008-02,0.5294272895,OFICIAL,BCB SGS 28655 / FGV IGP-M
2008-03,0.7416527962,OFICIAL,BCB SGS 28655 / FGV IGP-M
2008-04,0.6903273387,OFICIAL,BCB SGS 28655 / FGV IGP-M
2008-05,1.6077436720,OFICIAL,BCB SGS 28655 / FGV IGP-M
2008-06,1.9842482781,OFICIAL,BCB SGS 28655 / FGV IGP-M
2008-07,1.7643150791,OFICIAL,BCB SGS 28655 / FGV IGP-M
2008-08,-0.3237238800,OFICIAL,BCB SGS 28655 / FGV IGP-M
2008-09,0.1058782105,OFICIAL,BCB SGS 28655 / FGV IGP-M
2008-10,0.9757549372,OFICIAL,BCB SGS 28655 / FGV IGP-M
2008-11,0.3848739660,OFICIAL,BCB SGS 28655 / FGV IGP-M
2008-12,-0.1283656553,OFICIAL,BCB SGS 28655 / FGV IGP-M
2009-01,-0.4356435644,OFICIAL,BCB SGS 28655 / FGV IGP-M
2009-02,0.2603823496,OFICIAL,BCB SGS 28655 / FGV IGP-M
2009-03,-0.7401746140,OFICIAL,BCB SGS 28655 / FGV IGP-M
2009-04,-0.1537488230,OFICIAL,BCB SGS 28655 / FGV IGP-M
2009-05,-0.0726949440,OFICIAL,BCB SGS 28655 / FGV IGP-M
2009-06,-0.0980621060,OFICIAL,BCB SGS 28655 / FGV IGP-M
2009-07,-0.4349473291,OFICIAL,BCB SGS 28655 / FGV IGP-M
2009-08,-0.3619804407,OFICIAL,BCB SGS 28655 / FGV IGP-M
2009-09,0.4195877030,OFICIAL,BCB SGS 28655 / FGV IGP-M
2009-10,0.0454382694,OFICIAL,BCB SGS 28655 / FGV IGP-M
2009-11,0.1034238477,OFICIAL,BCB SGS 28655 / FGV IGP-M
2009-12,-0.2586623532,OFICIAL,BCB SGS 28655 / FGV IGP-M
2010-01,0.6304094695,OFICIAL,BCB SGS 28655 / FGV IGP-M
2010-02,1.1777451855,OFICIAL,BCB SGS 28655 / FGV IGP-M
2010-03,0.9447775002,OFICIAL,BCB SGS 28655 / FGV IGP-M
2010-04,0.7656337947,OFICIAL,BCB SGS 28655 / FGV IGP-M
2010-05,1.1859151097,OFICIAL,BCB SGS 28655 / FGV IGP-M
2010-06,0.8502306050,OFICIAL,BCB SGS 28655 / FGV IGP-M
2010-07,0.1546238617,OFICIAL,BCB SGS 28655 / FGV IGP-M
2010-08,0.7695900969,OFICIAL,BCB SGS 28655 / FGV IGP-M
2010-09,1.1537971236,OFICIAL,BCB SGS 28655 / FGV IGP-M
2010-10,1.0095709896,OFICIAL,BCB SGS 28655 / FGV IGP-M
2010-11,1.4465926697,OFICIAL,BCB SGS 28655 / FGV IGP-M
2010-12,0.6920747933,OFICIAL,BCB SGS 28655 / FGV IGP-M
2011-01,0.7936913309,OFICIAL,BCB SGS 28655 / FGV IGP-M
2011-02,0.9963095566,OFICIAL,BCB SGS 28655 / FGV IGP-M
2011-03,0.6221681206,OFICIAL,BCB SGS 28655 / FGV IGP-M
2011-04,0.4470470397,OFICIAL,BCB SGS 28655 / FGV IGP-M
2011-05,0.4316754836,OFICIAL,BCB SGS 28655 / FGV IGP-M
2011-06,-0.1822437037,OFICIAL,BCB SGS 28655 / FGV IGP-M
2011-07,-0.1154020880,OFICIAL,BCB SGS 28655 / FGV IGP-M
2011-08,0.4399399043,OFICIAL,BCB SGS 28655 / FGV IGP-M
2011-09,0.6453232840,OFICIAL,BCB SGS 28655 / FGV IGP-M
2011-10,0.5311583773,OFICIAL,BCB SGS 28655 / FGV IGP-M
2011-11,0.4967484400,OFICIAL,BCB SGS 28655 / FGV IGP-M
2011-12,-0.1173471111,OFICIAL,BCB SGS 28655 / FGV IGP-M
2012-01,0.2487047070,OFICIAL,BCB SGS 28655 / FGV IGP-M
2012-02,-0.0613368913,OFICIAL,BCB SGS 28655 / FGV IGP-M
2012-03,0.4277235741,OFICIAL,BCB SGS 28655 / FGV IGP-M
2012-04,0.8532738583,OFICIAL,BCB SGS 28655 / FGV IGP-M
2012-05,1.0226371169,OFICIAL,BCB SGS 28655 / FGV IGP-M
2012-06,0.6600156656,OFICIAL,BCB SGS 28655 / FGV IGP-M
2012-07,1.3410683496,OFICIAL,BCB SGS 28655 / FGV IGP-M
2012-08,1.4277891495,OFICIAL,BCB SGS 28655 / FGV IGP-M
2012-09,0.9656205611,OFICIAL,BCB SGS 28655 / FGV IGP-M
2012-10,0.0240724225,OFICIAL,BCB SGS 28655 / FGV IGP-M
2012-11,-0.0258420361,OFICIAL,BCB SGS 28655 / FGV IGP-M
2012-12,0.6821298553,OFICIAL,BCB SGS 28655 / FGV IGP-M
2013-01,0.3380682486,OFICIAL,BCB SGS 28655 / FGV IGP-M
2013-02,0.2910286986,OFICIAL,BCB SGS 28655 / FGV IGP-M
2013-03,0.2062449972,OFICIAL,BCB SGS 28655 / FGV IGP-M
2013-04,0.1457652286,OFICIAL,BCB SGS 28655 / FGV IGP-M
2013-05,0.0044636273,OFICIAL,BCB SGS 28655 / FGV IGP-M
2013-06,0.7479152880,OFICIAL,BCB SGS 28655 / FGV IGP-M
2013-07,0.2610020553,OFICIAL,BCB SGS 28655 / FGV IGP-M
2013-08,0.1463954445,OFICIAL,BCB SGS 28655 / FGV IGP-M
2013-09,1.4992230514,OFICIAL,BCB SGS 28655 / FGV IGP-M
2013-10,0.8573291626,OFICIAL,BCB SGS 28655 / FGV IGP-M
2013-11,0.2899061319,OFICIAL,BCB SGS 28655 / FGV IGP-M
2013-12,0.5983167902,OFICIAL,BCB SGS 28655 / FGV IGP-M
2014-01,0.4808960380,OFICIAL,BCB SGS 28655 / FGV IGP-M
2014-02,0.3843174806,OFICIAL,BCB SGS 28655 / FGV IGP-M
2014-03,1.6663658897,OFICIAL,BCB SGS 28655 / FGV IGP-M
2014-04,0.7848400705,OFICIAL,BCB SGS 28655 / FGV IGP-M
2014-05,-0.1331727831,OFICIAL,BCB SGS 28655 / FGV IGP-M
2014-06,-0.7423350532,OFICIAL,BCB SGS 28655 / FGV IGP-M
2014-07,-0.6077374110,OFICIAL,BCB SGS 28655 / FGV IGP-M
2014-08,-0.2657779432,OFICIAL,BCB SGS 28655 / FGV IGP-M
2014-09,0.2000932793,OFICIAL,BCB SGS 28655 / FGV IGP-M
2014-10,0.2842075865,OFICIAL,BCB SGS 28655 / FGV IGP-M
2014-11,0.9779830942,OFICIAL,BCB SGS 28655 / FGV IGP-M
2014-12,0.6207989271,OFICIAL,BCB SGS 28655 / FGV IGP-M
2015-01,0.7647618382,OFICIAL,BCB SGS 28655 / FGV IGP-M
2015-02,0.2705864365,OFICIAL,BCB SGS 28655 / FGV IGP-M
2015-03,0.9808441075,OFICIAL,BCB SGS 28655 / FGV IGP-M
2015-04,1.1656857512,OFICIAL,BCB SGS 28655 / FGV IGP-M
2015-05,0.4063001692,OFICIAL,BCB SGS 28655 / FGV IGP-M
2015-06,0.6715458172,OFICIAL,BCB SGS 28655 / FGV IGP-M
2015-07,0.6911045826,OFICIAL,BCB SGS 28655 / FGV IGP-M
2015-08,0.2755675908,OFICIAL,BCB SGS 28655 / FGV IGP-M
2015-09,0.9461909183,OFICIAL,BCB SGS 28655 / FGV IGP-M
2015-10,1.8911533913,OFICIAL,BCB SGS 28655 / FGV IGP-M
2015-11,1.5242249087,OFICIAL,BCB SGS 28655 / FGV IGP-M
2015-12,0.4874187975,OFICIAL,BCB SGS 28655 / FGV IGP-M
2016-01,1.1370339879,OFICIAL,BCB SGS 28655 / FGV IGP-M
2016-02,1.2905810339,OFICIAL,BCB SGS 28655 / FGV IGP-M
2016-03,0.5117747748,OFICIAL,BCB SGS 28655 / FGV IGP-M
2016-04,0.3281660945,OFICIAL,BCB SGS 28655 / FGV IGP-M
2016-05,0.8184376735,OFICIAL,BCB SGS 28655 / FGV IGP-M
2016-06,1.6875411382,OFICIAL,BCB SGS 28655 / FGV IGP-M
2016-07,0.1752114780,OFICIAL,BCB SGS 28655 / FGV IGP-M
2016-08,0.1467980160,OFICIAL,BCB SGS 28655 / FGV IGP-M
2016-09,0.1970707838,OFICIAL,BCB SGS 28655 / FGV IGP-M
2016-10,0.1572552040,OFICIAL,BCB SGS 28655 / FGV IGP-M
2016-11,-0.0265986956,OFICIAL,BCB SGS 28655 / FGV IGP-M
2016-12,0.5400211630,OFICIAL,BCB SGS 28655 / FGV IGP-M
2017-01,0.6408550379,OFICIAL,BCB SGS 28655 / FGV IGP-M
2017-02,0.0836911870,OFICIAL,BCB SGS 28655 / FGV IGP-M
2017-03,0.0147125277,OFICIAL,BCB SGS 28655 / FGV IGP-M
2017-04,-1.0956218656,OFICIAL,BCB SGS 28655 / FGV IGP-M
2017-05,-0.9318589524,OFICIAL,BCB SGS 28655 / FGV IGP-M
2017-06,-0.6662499732,OFICIAL,BCB SGS 28655 / FGV IGP-M
2017-07,-0.7160603878,OFICIAL,BCB SGS 28655 / FGV IGP-M
2017-08,0.0958422781,OFICIAL,BCB SGS 28655 / FGV IGP-M
2017-09,0.4681998128,OFICIAL,BCB SGS 28655 / FGV IGP-M
2017-10,0.1964782206,OFICIAL,BCB SGS 28655 / FGV IGP-M
2017-11,0.5243019585,OFICIAL,BCB SGS 28655 / FGV IGP-M
2017-12,0.8873239653,OFICIAL,BCB SGS 28655 / FGV IGP-M
2018-01,0.7550250130,OFICIAL,BCB SGS 28655 / FGV IGP-M
2018-02,0.0731715412,OFICIAL,BCB SGS 28655 / FGV IGP-M
2018-03,0.6351470125,OFICIAL,BCB SGS 28655 / FGV IGP-M
2018-04,0.5697173435,OFICIAL,BCB SGS 28655 / FGV IGP-M
2018-05,1.3781659311,OFICIAL,BCB SGS 28655 / FGV IGP-M
2018-06,1.8672336349,OFICIAL,BCB SGS 28655 / FGV IGP-M
2018-07,0.5067165546,OFICIAL,BCB SGS 28655 / FGV IGP-M
2018-08,0.6999138921,OFICIAL,BCB SGS 28655 / FGV IGP-M
2018-09,1.5243480975,OFICIAL,BCB SGS 28655 / FGV IGP-M
2018-10,0.8859122959,OFICIAL,BCB SGS 28655 / FGV IGP-M
2018-11,-0.4895058190,OFICIAL,BCB SGS 28655 / FGV IGP-M
2018-12,-1.0801688000,OFICIAL,BCB SGS 28655 / FGV IGP-M
2019-01,0.0066436636,OFICIAL,BCB SGS 28655 / FGV IGP-M
2019-02,0.8846793161,OFICIAL,BCB SGS 28655 / FGV IGP-M
2019-03,1.2553467825,OFICIAL,BCB SGS 28655 / FGV IGP-M
2019-04,0.9186295414,OFICIAL,BCB SGS 28655 / FGV IGP-M
2019-05,0.4454675833,OFICIAL,BCB SGS 28655 / FGV IGP-M
2019-06,0.7952552229,OFICIAL,BCB SGS 28655 / FGV IGP-M
2019-07,0.3961154951,OFICIAL,BCB SGS 28655 / FGV IGP-M
2019-08,-0.6668950800,OFICIAL,BCB SGS 28655 / FGV IGP-M
2019-09,-0.0054318158,OFICIAL,BCB SGS 28655 / FGV IGP-M
2019-10,0.6750755742,OFICIAL,BCB SGS 28655 / FGV IGP-M
2019-11,0.3001350270,OFICIAL,BCB SGS 28655 / FGV IGP-M
2019-12,2.0918341273,OFICIAL,BCB SGS 28655 / FGV IGP-M
2020-01,0.4770047108,OFICIAL,BCB SGS 28655 / FGV IGP-M
2020-02,-0.0406433182,OFICIAL,BCB SGS 28655 / FGV IGP-M
2020-03,1.2440600559,OFICIAL,BCB SGS 28655 / FGV IGP-M
2020-04,0.8022976831,OFICIAL,BCB SGS 28655 / FGV IGP-M
2020-05,0.2800407659,OFICIAL,BCB SGS 28655 / FGV IGP-M
2020-06,1.5570051776,OFICIAL,BCB SGS 28655 / FGV IGP-M
2020-07,2.2278336608,OFICIAL,BCB SGS 28655 / FGV IGP-M
2020-08,2.7441632524,OFICIAL,BCB SGS 28655 / FGV IGP-M
2020-09,4.3407948692,OFICIAL,BCB SGS 28655 / FGV IGP-M
2020-10,3.2314190240,OFICIAL,BCB SGS 28655 / FGV IGP-M
2020-11,3.2773938796,OFICIAL,BCB SGS 28655 / FGV IGP-M
2020-12,0.9581082789,OFICIAL,BCB SGS 28655 / FGV IGP-M
2021-01,2.5767096938,OFICIAL,BCB SGS 28655 / FGV IGP-M
2021-02,2.5258540493,OFICIAL,BCB SGS 28655 / FGV IGP-M
2021-03,2.9382654011,OFICIAL,BCB SGS 28655 / FGV IGP-M
2021-04,1.5082790815,OFICIAL,BCB SGS 28655 / FGV IGP-M
2021-05,4.0963346382,OFICIAL,BCB SGS 28655 / FGV IGP-M
2021-06,0.6026434388,OFICIAL,BCB SGS 28655 / FGV IGP-M
2021-07,0.7773304342,OFICIAL,BCB SGS 28655 / FGV IGP-M
2021-08,0.6636872230,OFICIAL,BCB SGS 28655 / FGV IGP-M
2021-09,-0.6394267335,OFICIAL,BCB SGS 28655 / FGV IGP-M
2021-10,0.6428961406,OFICIAL,BCB SGS 28655 / FGV IGP-M
2021-11,0.0183270517,OFICIAL,BCB SGS 28655 / FGV IGP-M
2021-12,0.8708335357,OFICIAL,BCB SGS 28655 / FGV IGP-M
2022-01,1.8175493284,OFICIAL,BCB SGS 28655 / FGV IGP-M
2022-02,1.8329186734,OFICIAL,BCB SGS 28655 / FGV IGP-M
2022-03,1.7407971295,OFICIAL,BCB SGS 28655 / FGV IGP-M
2022-04,1.4112920585,OFICIAL,BCB SGS 28655 / FGV IGP-M
2022-05,0.5216465488,OFICIAL,BCB SGS 28655 / FGV IGP-M
2022-06,0.5852428264,OFICIAL,BCB SGS 28655 / FGV IGP-M
2022-07,0.2061497277,OFICIAL,BCB SGS 28655 / FGV IGP-M
2022-08,-0.6982939438,OFICIAL,BCB SGS 28655 / FGV IGP-M
2022-09,-0.9460727559,OFICIAL,BCB SGS 28655 / FGV IGP-M
2022-10,-0.9713808142,OFICIAL,BCB SGS 28655 / FGV IGP-M
2022-11,-0.5645260502,OFICIAL,BCB SGS 28655 / FGV IGP-M
2022-12,0.4479036259,OFICIAL,BCB SGS 28655 / FGV IGP-M
2023-01,0.2117990777,OFICIAL,BCB SGS 28655 / FGV IGP-M
2023-02,-0.0605089109,OFICIAL,BCB SGS 28655 / FGV IGP-M
2023-03,0.0514293135,OFICIAL,BCB SGS 28655 / FGV IGP-M
2023-04,-0.9500076932,OFICIAL,BCB SGS 28655 / FGV IGP-M
2023-05,-1.8440398262,OFICIAL,BCB SGS 28655 / FGV IGP-M
2023-06,-1.9298745069,OFICIAL,BCB SGS 28655 / FGV IGP-M
2023-07,-0.7235649955,OFICIAL,BCB SGS 28655 / FGV IGP-M
2023-08,-0.1356696852,OFICIAL,BCB SGS 28655 / FGV IGP-M
2023-09,0.3664602486,OFICIAL,BCB SGS 28655 / FGV IGP-M
2023-10,0.4979433562,OFICIAL,BCB SGS 28655 / FGV IGP-M
2023-11,0.5931109340,OFICIAL,BCB SGS 28655 / FGV IGP-M
2023-12,0.7399972218,OFICIAL,BCB SGS 28655 / FGV IGP-M
2024-01,0.0717925542,OFICIAL,BCB SGS 28655 / FGV IGP-M
2024-02,-0.5172111845,OFICIAL,BCB SGS 28655 / FGV IGP-M
2024-03,-0.4668199499,OFICIAL,BCB SGS 28655 / FGV IGP-M
2024-04,0.3091116564,OFICIAL,BCB SGS 28655 / FGV IGP-M
2024-05,0.8908241444,OFICIAL,BCB SGS 28655 / FGV IGP-M
2024-06,0.8140286879,OFICIAL,BCB SGS 28655 / FGV IGP-M
2024-07,0.6075277475,OFICIAL,BCB SGS 28655 / FGV IGP-M
2024-08,0.2853111965,OFICIAL,BCB SGS 28655 / FGV IGP-M
2024-09,0.6229858492,OFICIAL,BCB SGS 28655 / FGV IGP-M
2024-10,1.5215156563,OFICIAL,BCB SGS 28655 / FGV IGP-M
2024-11,1.2968806562,OFICIAL,BCB SGS 28655 / FGV IGP-M
2024-12,0.9355546153,OFICIAL,BCB SGS 28655 / FGV IGP-M
2025-01,0.2682950862,OFICIAL,BCB SGS 28655 / FGV IGP-M
2025-02,1.0608981699,OFICIAL,BCB SGS 28655 / FGV IGP-M
2025-03,-0.3363784843,OFICIAL,BCB SGS 28655 / FGV IGP-M
2025-04,0.2368053764,OFICIAL,BCB SGS 28655 / FGV IGP-M
2025-05,-0.4881646067,OFICIAL,BCB SGS 28655 / FGV IGP-M
2025-06,-1.6677194047,OFICIAL,BCB SGS 28655 / FGV IGP-M
2025-07,-0.7663587800,OFICIAL,BCB SGS 28655 / FGV IGP-M
2025-08,0.3568734454,OFICIAL,BCB SGS 28655 / FGV IGP-M
2025-09,0.4159580961,OFICIAL,BCB SGS 28655 / FGV IGP-M
2025-10,-0.3606222124,OFICIAL,BCB SGS 28655 / FGV IGP-M
2025-11,0.2681883748,OFICIAL,BCB SGS 28655 / FGV IGP-M
2025-12,-0.0149345033,OFICIAL,BCB SGS 28655 / FGV IGP-M
2026-01,0.4069205180,OFICIAL,BCB SGS 28655 / FGV IGP-M
2026-02,-0.7285135567,OFICIAL,BCB SGS 28655 / FGV IGP-M
2026-03,0.5206781176,OFICIAL,BCB SGS 28655 / FGV IGP-M
2026-04,2.7268546671,OFICIAL,BCB SGS 28655 / FGV IGP-M
2026-05,0.8384180087,OFICIAL,BCB SGS 28655 / FGV IGP-M
2026-06,-0.4994698773,OFICIAL,BCB SGS 28655 / FGV IGP-M
2026-07,-1.1557812351,OFICIAL,BCB SGS 28655 / FGV IGP-M
