competencia,fator,orientacao,fonte,observacao
1994-01,3631.929071,DIRECT,Tabela Prática TJSP - Antiga (arquivo fornecido pelo usuário),Atualização: valor / fator inicial x fator final; juros moratórios não incluídos.
1994-02,5132.642163,DIRECT,Tabela Prática TJSP - Antiga (arquivo fornecido pelo usuário),Atualização: valor / fator inicial x fator final; juros moratórios não incluídos.
1994-03,7214.955088,DIRECT,Tabela Prática TJSP - Antiga (arquivo fornecido pelo usuário),Atualização: valor / fator inicial x fator final; juros moratórios não incluídos.
1994-04,10323.15773,DIRECT,Tabela Prática TJSP - Antiga (arquivo fornecido pelo usuário),Atualização: valor / fator inicial x fator final; juros moratórios não incluídos.
1994-05,14747.66314,DIRECT,Tabela Prática TJSP - Antiga (arquivo fornecido pelo usuário),Atualização: valor / fator inicial x fator final; juros moratórios não incluídos.
1994-06,21049.33960,DIRECT,Tabela Prática TJSP - Antiga (arquivo fornecido pelo usuário),Atualização: valor / fator inicial x fator final; juros moratórios não incluídos.
1994-07,11.346741,DIRECT,Tabela Prática TJSP - Antiga (arquivo fornecido pelo usuário),Atualização: valor / fator inicial x fator final; juros moratórios não incluídos.
1994-08,12.036622,DIRECT,Tabela Prática TJSP - Antiga (arquivo fornecido pelo usuário),Atualização: valor / fator inicial x fator final; juros moratórios não incluídos.
1994-09,12.693821,DIRECT,Tabela Prática TJSP - Antiga (arquivo fornecido pelo usuário),Atualização: valor / fator inicial x fator final; juros moratórios não incluídos.
1994-10,12.885497,DIRECT,Tabela Prática TJSP - Antiga (arquivo fornecido pelo usuário),Atualização: valor / fator inicial x fator final; juros moratórios não incluídos.
1994-11,13.125167,DIRECT,Tabela Prática TJSP - Antiga (arquivo fornecido pelo usuário),Atualização: valor / fator inicial x fator final; juros moratórios não incluídos.
1994-12,13.554359,DIRECT,Tabela Prática TJSP - Antiga (arquivo fornecido pelo usuário),Atualização: valor / fator inicial x fator final; juros moratórios não incluídos.
1995-01,13.851199,DIRECT,Tabela Prática TJSP - Antiga (arquivo fornecido pelo usuário),Atualização: valor / fator inicial x fator final; juros moratórios não incluídos.
1995-02,14.082514,DIRECT,Tabela Prática TJSP - Antiga (arquivo fornecido pelo usuário),Atualização: valor / fator inicial x fator final; juros moratórios não incluídos.
1995-03,14.221930,DIRECT,Tabela Prática TJSP - Antiga (arquivo fornecido pelo usuário),Atualização: valor / fator inicial x fator final; juros moratórios não incluídos.
1995-04,14.422459,DIRECT,Tabela Prática TJSP - Antiga (arquivo fornecido pelo usuário),Atualização: valor / fator inicial x fator final; juros moratórios não incluídos.
1995-05,14.699370,DIRECT,Tabela Prática TJSP - Antiga (arquivo fornecido pelo usuário),Atualização: valor / fator inicial x fator final; juros moratórios não incluídos.
1995-06,15.077143,DIRECT,Tabela Prática TJSP - Antiga (arquivo fornecido pelo usuário),Atualização: valor / fator inicial x fator final; juros moratórios não incluídos.
1995-07,15.351547,DIRECT,Tabela Prática TJSP - Antiga (arquivo fornecido pelo usuário),Atualização: valor / fator inicial x fator final; juros moratórios não incluídos.
1995-08,15.729195,DIRECT,Tabela Prática TJSP - Antiga (arquivo fornecido pelo usuário),Atualização: valor / fator inicial x fator final; juros moratórios não incluídos.
1995-09,15.889632,DIRECT,Tabela Prática TJSP - Antiga (arquivo fornecido pelo usuário),Atualização: valor / fator inicial x fator final; juros moratórios não incluídos.
1995-10,16.075540,DIRECT,Tabela Prática TJSP - Antiga (arquivo fornecido pelo usuário),Atualização: valor / fator inicial x fator final; juros moratórios não incluídos.
1995-11,16.300597,DIRECT,Tabela Prática TJSP - Antiga (arquivo fornecido pelo usuário),Atualização: valor / fator inicial x fator final; juros moratórios não incluídos.
1995-12,16.546736,DIRECT,Tabela Prática TJSP - Antiga (arquivo fornecido pelo usuário),Atualização: valor / fator inicial x fator final; juros moratórios não incluídos.
1996-01,16.819757,DIRECT,Tabela Prática TJSP - Antiga (arquivo fornecido pelo usuário),Atualização: valor / fator inicial x fator final; juros moratórios não incluídos.
1996-02,17.065325,DIRECT,Tabela Prática TJSP - Antiga (arquivo fornecido pelo usuário),Atualização: valor / fator inicial x fator final; juros moratórios não incluídos.
1996-03,17.186488,DIRECT,Tabela Prática TJSP - Antiga (arquivo fornecido pelo usuário),Atualização: valor / fator inicial x fator final; juros moratórios não incluídos.
1996-04,17.236328,DIRECT,Tabela Prática TJSP - Antiga (arquivo fornecido pelo usuário),Atualização: valor / fator inicial x fator final; juros moratórios não incluídos.
1996-05,17.396625,DIRECT,Tabela Prática TJSP - Antiga (arquivo fornecido pelo usuário),Atualização: valor / fator inicial x fator final; juros moratórios não incluídos.
1996-06,17.619301,DIRECT,Tabela Prática TJSP - Antiga (arquivo fornecido pelo usuário),Atualização: valor / fator inicial x fator final; juros moratórios não incluídos.
1996-07,17.853637,DIRECT,Tabela Prática TJSP - Antiga (arquivo fornecido pelo usuário),Atualização: valor / fator inicial x fator final; juros moratórios não incluídos.
1996-08,18.067880,DIRECT,Tabela Prática TJSP - Antiga (arquivo fornecido pelo usuário),Atualização: valor / fator inicial x fator final; juros moratórios não incluídos.
1996-09,18.158219,DIRECT,Tabela Prática TJSP - Antiga (arquivo fornecido pelo usuário),Atualização: valor / fator inicial x fator final; juros moratórios não incluídos.
1996-10,18.161850,DIRECT,Tabela Prática TJSP - Antiga (arquivo fornecido pelo usuário),Atualização: valor / fator inicial x fator final; juros moratórios não incluídos.
1996-11,18.230865,DIRECT,Tabela Prática TJSP - Antiga (arquivo fornecido pelo usuário),Atualização: valor / fator inicial x fator final; juros moratórios não incluídos.
1996-12,18.292849,DIRECT,Tabela Prática TJSP - Antiga (arquivo fornecido pelo usuário),Atualização: valor / fator inicial x fator final; juros moratórios não incluídos.
1997-01,18.353215,DIRECT,Tabela Prática TJSP - Antiga (arquivo fornecido pelo usuário),Atualização: valor / fator inicial x fator final; juros moratórios não incluídos.
1997-02,18.501876,DIRECT,Tabela Prática TJSP - Antiga (arquivo fornecido pelo usuário),Atualização: valor / fator inicial x fator final; juros moratórios não incluídos.
1997-03,18.585134,DIRECT,Tabela Prática TJSP - Antiga (arquivo fornecido pelo usuário),Atualização: valor / fator inicial x fator final; juros moratórios não incluídos.
1997-04,18.711512,DIRECT,Tabela Prática TJSP - Antiga (arquivo fornecido pelo usuário),Atualização: valor / fator inicial x fator final; juros moratórios não incluídos.
1997-05,18.823781,DIRECT,Tabela Prática TJSP - Antiga (arquivo fornecido pelo usuário),Atualização: valor / fator inicial x fator final; juros moratórios não incluídos.
1997-06,18.844487,DIRECT,Tabela Prática TJSP - Antiga (arquivo fornecido pelo usuário),Atualização: valor / fator inicial x fator final; juros moratórios não incluídos.
1997-07,18.910442,DIRECT,Tabela Prática TJSP - Antiga (arquivo fornecido pelo usuário),Atualização: valor / fator inicial x fator final; juros moratórios não incluídos.
1997-08,18.944480,DIRECT,Tabela Prática TJSP - Antiga (arquivo fornecido pelo usuário),Atualização: valor / fator inicial x fator final; juros moratórios não incluídos.
1997-09,18.938796,DIRECT,Tabela Prática TJSP - Antiga (arquivo fornecido pelo usuário),Atualização: valor / fator inicial x fator final; juros moratórios não incluídos.
1997-10,18.957734,DIRECT,Tabela Prática TJSP - Antiga (arquivo fornecido pelo usuário),Atualização: valor / fator inicial x fator final; juros moratórios não incluídos.
1997-11,19.012711,DIRECT,Tabela Prática TJSP - Antiga (arquivo fornecido pelo usuário),Atualização: valor / fator inicial x fator final; juros moratórios não incluídos.
1997-12,19.041230,DIRECT,Tabela Prática TJSP - Antiga (arquivo fornecido pelo usuário),Atualização: valor / fator inicial x fator final; juros moratórios não incluídos.
1998-01,19.149765,DIRECT,Tabela Prática TJSP - Antiga (arquivo fornecido pelo usuário),Atualização: valor / fator inicial x fator final; juros moratórios não incluídos.
1998-02,19.312538,DIRECT,Tabela Prática TJSP - Antiga (arquivo fornecido pelo usuário),Atualização: valor / fator inicial x fator final; juros moratórios não incluídos.
1998-03,19.416825,DIRECT,Tabela Prática TJSP - Antiga (arquivo fornecido pelo usuário),Atualização: valor / fator inicial x fator final; juros moratórios não incluídos.
1998-04,19.511967,DIRECT,Tabela Prática TJSP - Antiga (arquivo fornecido pelo usuário),Atualização: valor / fator inicial x fator final; juros moratórios não incluídos.
1998-05,19.599770,DIRECT,Tabela Prática TJSP - Antiga (arquivo fornecido pelo usuário),Atualização: valor / fator inicial x fator final; juros moratórios não incluídos.
1998-06,19.740888,DIRECT,Tabela Prática TJSP - Antiga (arquivo fornecido pelo usuário),Atualização: valor / fator inicial x fator final; juros moratórios não incluídos.
1998-07,19.770499,DIRECT,Tabela Prática TJSP - Antiga (arquivo fornecido pelo usuário),Atualização: valor / fator inicial x fator final; juros moratórios não incluídos.
1998-08,19.715141,DIRECT,Tabela Prática TJSP - Antiga (arquivo fornecido pelo usuário),Atualização: valor / fator inicial x fator final; juros moratórios não incluídos.
1998-09,19.618536,DIRECT,Tabela Prática TJSP - Antiga (arquivo fornecido pelo usuário),Atualização: valor / fator inicial x fator final; juros moratórios não incluídos.
1998-10,19.557718,DIRECT,Tabela Prática TJSP - Antiga (arquivo fornecido pelo usuário),Atualização: valor / fator inicial x fator final; juros moratórios não incluídos.
1998-11,19.579231,DIRECT,Tabela Prática TJSP - Antiga (arquivo fornecido pelo usuário),Atualização: valor / fator inicial x fator final; juros moratórios não incluídos.
1998-12,19.543988,DIRECT,Tabela Prática TJSP - Antiga (arquivo fornecido pelo usuário),Atualização: valor / fator inicial x fator final; juros moratórios não incluídos.
1999-01,19.626072,DIRECT,Tabela Prática TJSP - Antiga (arquivo fornecido pelo usuário),Atualização: valor / fator inicial x fator final; juros moratórios não incluídos.
1999-02,19.753641,DIRECT,Tabela Prática TJSP - Antiga (arquivo fornecido pelo usuário),Atualização: valor / fator inicial x fator final; juros moratórios não incluídos.
1999-03,20.008462,DIRECT,Tabela Prática TJSP - Antiga (arquivo fornecido pelo usuário),Atualização: valor / fator inicial x fator final; juros moratórios não incluídos.
1999-04,20.264570,DIRECT,Tabela Prática TJSP - Antiga (arquivo fornecido pelo usuário),Atualização: valor / fator inicial x fator final; juros moratórios não incluídos.
1999-05,20.359813,DIRECT,Tabela Prática TJSP - Antiga (arquivo fornecido pelo usuário),Atualização: valor / fator inicial x fator final; juros moratórios não incluídos.
1999-06,20.369992,DIRECT,Tabela Prática TJSP - Antiga (arquivo fornecido pelo usuário),Atualização: valor / fator inicial x fator final; juros moratórios não incluídos.
1999-07,20.384250,DIRECT,Tabela Prática TJSP - Antiga (arquivo fornecido pelo usuário),Atualização: valor / fator inicial x fator final; juros moratórios não incluídos.
1999-08,20.535093,DIRECT,Tabela Prática TJSP - Antiga (arquivo fornecido pelo usuário),Atualização: valor / fator inicial x fator final; juros moratórios não incluídos.
1999-09,20.648036,DIRECT,Tabela Prática TJSP - Antiga (arquivo fornecido pelo usuário),Atualização: valor / fator inicial x fator final; juros moratórios não incluídos.
1999-10,20.728563,DIRECT,Tabela Prática TJSP - Antiga (arquivo fornecido pelo usuário),Atualização: valor / fator inicial x fator final; juros moratórios não incluídos.
1999-11,20.927557,DIRECT,Tabela Prática TJSP - Antiga (arquivo fornecido pelo usuário),Atualização: valor / fator inicial x fator final; juros moratórios não incluídos.
1999-12,21.124276,DIRECT,Tabela Prática TJSP - Antiga (arquivo fornecido pelo usuário),Atualização: valor / fator inicial x fator final; juros moratórios não incluídos.
2000-01,21.280595,DIRECT,Tabela Prática TJSP - Antiga (arquivo fornecido pelo usuário),Atualização: valor / fator inicial x fator final; juros moratórios não incluídos.
2000-02,21.410406,DIRECT,Tabela Prática TJSP - Antiga (arquivo fornecido pelo usuário),Atualização: valor / fator inicial x fator final; juros moratórios não incluídos.
2000-03,21.421111,DIRECT,Tabela Prática TJSP - Antiga (arquivo fornecido pelo usuário),Atualização: valor / fator inicial x fator final; juros moratórios não incluídos.
2000-04,21.448958,DIRECT,Tabela Prática TJSP - Antiga (arquivo fornecido pelo usuário),Atualização: valor / fator inicial x fator final; juros moratórios não incluídos.
2000-05,21.468262,DIRECT,Tabela Prática TJSP - Antiga (arquivo fornecido pelo usuário),Atualização: valor / fator inicial x fator final; juros moratórios não incluídos.
2000-06,21.457527,DIRECT,Tabela Prática TJSP - Antiga (arquivo fornecido pelo usuário),Atualização: valor / fator inicial x fator final; juros moratórios não incluídos.
2000-07,21.521899,DIRECT,Tabela Prática TJSP - Antiga (arquivo fornecido pelo usuário),Atualização: valor / fator inicial x fator final; juros moratórios não incluídos.
2000-08,21.821053,DIRECT,Tabela Prática TJSP - Antiga (arquivo fornecido pelo usuário),Atualização: valor / fator inicial x fator final; juros moratórios não incluídos.
2000-09,22.085087,DIRECT,Tabela Prática TJSP - Antiga (arquivo fornecido pelo usuário),Atualização: valor / fator inicial x fator final; juros moratórios não incluídos.
2000-10,22.180052,DIRECT,Tabela Prática TJSP - Antiga (arquivo fornecido pelo usuário),Atualização: valor / fator inicial x fator final; juros moratórios não incluídos.
2000-11,22.215540,DIRECT,Tabela Prática TJSP - Antiga (arquivo fornecido pelo usuário),Atualização: valor / fator inicial x fator final; juros moratórios não incluídos.
2000-12,22.279965,DIRECT,Tabela Prática TJSP - Antiga (arquivo fornecido pelo usuário),Atualização: valor / fator inicial x fator final; juros moratórios não incluídos.
2001-01,22.402504,DIRECT,Tabela Prática TJSP - Antiga (arquivo fornecido pelo usuário),Atualização: valor / fator inicial x fator final; juros moratórios não incluídos.
2001-02,22.575003,DIRECT,Tabela Prática TJSP - Antiga (arquivo fornecido pelo usuário),Atualização: valor / fator inicial x fator final; juros moratórios não incluídos.
2001-03,22.685620,DIRECT,Tabela Prática TJSP - Antiga (arquivo fornecido pelo usuário),Atualização: valor / fator inicial x fator final; juros moratórios não incluídos.
2001-04,22.794510,DIRECT,Tabela Prática TJSP - Antiga (arquivo fornecido pelo usuário),Atualização: valor / fator inicial x fator final; juros moratórios não incluídos.
2001-05,22.985983,DIRECT,Tabela Prática TJSP - Antiga (arquivo fornecido pelo usuário),Atualização: valor / fator inicial x fator final; juros moratórios não incluídos.
2001-06,23.117003,DIRECT,Tabela Prática TJSP - Antiga (arquivo fornecido pelo usuário),Atualização: valor / fator inicial x fator final; juros moratórios não incluídos.
2001-07,23.255705,DIRECT,Tabela Prática TJSP - Antiga (arquivo fornecido pelo usuário),Atualização: valor / fator inicial x fator final; juros moratórios não incluídos.
2001-08,23.513843,DIRECT,Tabela Prática TJSP - Antiga (arquivo fornecido pelo usuário),Atualização: valor / fator inicial x fator final; juros moratórios não incluídos.
2001-09,23.699602,DIRECT,Tabela Prática TJSP - Antiga (arquivo fornecido pelo usuário),Atualização: valor / fator inicial x fator final; juros moratórios não incluídos.
2001-10,23.803880,DIRECT,Tabela Prática TJSP - Antiga (arquivo fornecido pelo usuário),Atualização: valor / fator inicial x fator final; juros moratórios não incluídos.
2001-11,24.027636,DIRECT,Tabela Prática TJSP - Antiga (arquivo fornecido pelo usuário),Atualização: valor / fator inicial x fator final; juros moratórios não incluídos.
2001-12,24.337592,DIRECT,Tabela Prática TJSP - Antiga (arquivo fornecido pelo usuário),Atualização: valor / fator inicial x fator final; juros moratórios não incluídos.
2002-01,24.517690,DIRECT,Tabela Prática TJSP - Antiga (arquivo fornecido pelo usuário),Atualização: valor / fator inicial x fator final; juros moratórios não incluídos.
2002-02,24.780029,DIRECT,Tabela Prática TJSP - Antiga (arquivo fornecido pelo usuário),Atualização: valor / fator inicial x fator final; juros moratórios não incluídos.
2002-03,24.856847,DIRECT,Tabela Prática TJSP - Antiga (arquivo fornecido pelo usuário),Atualização: valor / fator inicial x fator final; juros moratórios não incluídos.
2002-04,25.010959,DIRECT,Tabela Prática TJSP - Antiga (arquivo fornecido pelo usuário),Atualização: valor / fator inicial x fator final; juros moratórios não incluídos.
2002-05,25.181033,DIRECT,Tabela Prática TJSP - Antiga (arquivo fornecido pelo usuário),Atualização: valor / fator inicial x fator final; juros moratórios não incluídos.
2002-06,25.203695,DIRECT,Tabela Prática TJSP - Antiga (arquivo fornecido pelo usuário),Atualização: valor / fator inicial x fator final; juros moratórios não incluídos.
2002-07,25.357437,DIRECT,Tabela Prática TJSP - Antiga (arquivo fornecido pelo usuário),Atualização: valor / fator inicial x fator final; juros moratórios não incluídos.
2002-08,25.649047,DIRECT,Tabela Prática TJSP - Antiga (arquivo fornecido pelo usuário),Atualização: valor / fator inicial x fator final; juros moratórios não incluídos.
2002-09,25.869628,DIRECT,Tabela Prática TJSP - Antiga (arquivo fornecido pelo usuário),Atualização: valor / fator inicial x fator final; juros moratórios não incluídos.
2002-10,26.084345,DIRECT,Tabela Prática TJSP - Antiga (arquivo fornecido pelo usuário),Atualização: valor / fator inicial x fator final; juros moratórios não incluídos.
2002-11,26.493869,DIRECT,Tabela Prática TJSP - Antiga (arquivo fornecido pelo usuário),Atualização: valor / fator inicial x fator final; juros moratórios não incluídos.
2002-12,27.392011,DIRECT,Tabela Prática TJSP - Antiga (arquivo fornecido pelo usuário),Atualização: valor / fator inicial x fator final; juros moratórios não incluídos.
2003-01,28.131595,DIRECT,Tabela Prática TJSP - Antiga (arquivo fornecido pelo usuário),Atualização: valor / fator inicial x fator final; juros moratórios não incluídos.
2003-02,28.826445,DIRECT,Tabela Prática TJSP - Antiga (arquivo fornecido pelo usuário),Atualização: valor / fator inicial x fator final; juros moratórios não incluídos.
2003-03,29.247311,DIRECT,Tabela Prática TJSP - Antiga (arquivo fornecido pelo usuário),Atualização: valor / fator inicial x fator final; juros moratórios não incluídos.
2003-04,29.647999,DIRECT,Tabela Prática TJSP - Antiga (arquivo fornecido pelo usuário),Atualização: valor / fator inicial x fator final; juros moratórios não incluídos.
2003-05,30.057141,DIRECT,Tabela Prática TJSP - Antiga (arquivo fornecido pelo usuário),Atualização: valor / fator inicial x fator final; juros moratórios não incluídos.
2003-06,30.354706,DIRECT,Tabela Prática TJSP - Antiga (arquivo fornecido pelo usuário),Atualização: valor / fator inicial x fator final; juros moratórios não incluídos.
2003-07,30.336493,DIRECT,Tabela Prática TJSP - Antiga (arquivo fornecido pelo usuário),Atualização: valor / fator inicial x fator final; juros moratórios não incluídos.
2003-08,30.348627,DIRECT,Tabela Prática TJSP - Antiga (arquivo fornecido pelo usuário),Atualização: valor / fator inicial x fator final; juros moratórios não incluídos.
2003-09,30.403254,DIRECT,Tabela Prática TJSP - Antiga (arquivo fornecido pelo usuário),Atualização: valor / fator inicial x fator final; juros moratórios não incluídos.
2003-10,30.652560,DIRECT,Tabela Prática TJSP - Antiga (arquivo fornecido pelo usuário),Atualização: valor / fator inicial x fator final; juros moratórios não incluídos.
2003-11,30.772104,DIRECT,Tabela Prática TJSP - Antiga (arquivo fornecido pelo usuário),Atualização: valor / fator inicial x fator final; juros moratórios não incluídos.
2003-12,30.885960,DIRECT,Tabela Prática TJSP - Antiga (arquivo fornecido pelo usuário),Atualização: valor / fator inicial x fator final; juros moratórios não incluídos.
2004-01,31.052744,DIRECT,Tabela Prática TJSP - Antiga (arquivo fornecido pelo usuário),Atualização: valor / fator inicial x fator final; juros moratórios não incluídos.
2004-02,31.310481,DIRECT,Tabela Prática TJSP - Antiga (arquivo fornecido pelo usuário),Atualização: valor / fator inicial x fator final; juros moratórios não incluídos.
2004-03,31.432591,DIRECT,Tabela Prática TJSP - Antiga (arquivo fornecido pelo usuário),Atualização: valor / fator inicial x fator final; juros moratórios não incluídos.
2004-04,31.611756,DIRECT,Tabela Prática TJSP - Antiga (arquivo fornecido pelo usuário),Atualização: valor / fator inicial x fator final; juros moratórios não incluídos.
2004-05,31.741364,DIRECT,Tabela Prática TJSP - Antiga (arquivo fornecido pelo usuário),Atualização: valor / fator inicial x fator final; juros moratórios não incluídos.
2004-06,31.868329,DIRECT,Tabela Prática TJSP - Antiga (arquivo fornecido pelo usuário),Atualização: valor / fator inicial x fator final; juros moratórios não incluídos.
2004-07,32.027670,DIRECT,Tabela Prática TJSP - Antiga (arquivo fornecido pelo usuário),Atualização: valor / fator inicial x fator final; juros moratórios não incluídos.
2004-08,32.261471,DIRECT,Tabela Prática TJSP - Antiga (arquivo fornecido pelo usuário),Atualização: valor / fator inicial x fator final; juros moratórios não incluídos.
2004-09,32.422778,DIRECT,Tabela Prática TJSP - Antiga (arquivo fornecido pelo usuário),Atualização: valor / fator inicial x fator final; juros moratórios não incluídos.
2004-10,32.477896,DIRECT,Tabela Prática TJSP - Antiga (arquivo fornecido pelo usuário),Atualização: valor / fator inicial x fator final; juros moratórios não incluídos.
2004-11,32.533108,DIRECT,Tabela Prática TJSP - Antiga (arquivo fornecido pelo usuário),Atualização: valor / fator inicial x fator final; juros moratórios não incluídos.
2004-12,32.676253,DIRECT,Tabela Prática TJSP - Antiga (arquivo fornecido pelo usuário),Atualização: valor / fator inicial x fator final; juros moratórios não incluídos.
2005-01,32.957268,DIRECT,Tabela Prática TJSP - Antiga (arquivo fornecido pelo usuário),Atualização: valor / fator inicial x fator final; juros moratórios não incluídos.
2005-02,33.145124,DIRECT,Tabela Prática TJSP - Antiga (arquivo fornecido pelo usuário),Atualização: valor / fator inicial x fator final; juros moratórios não incluídos.
2005-03,33.290962,DIRECT,Tabela Prática TJSP - Antiga (arquivo fornecido pelo usuário),Atualização: valor / fator inicial x fator final; juros moratórios não incluídos.
2005-04,33.533986,DIRECT,Tabela Prática TJSP - Antiga (arquivo fornecido pelo usuário),Atualização: valor / fator inicial x fator final; juros moratórios não incluídos.
2005-05,33.839145,DIRECT,Tabela Prática TJSP - Antiga (arquivo fornecido pelo usuário),Atualização: valor / fator inicial x fator final; juros moratórios não incluídos.
2005-06,34.076019,DIRECT,Tabela Prática TJSP - Antiga (arquivo fornecido pelo usuário),Atualização: valor / fator inicial x fator final; juros moratórios não incluídos.
2005-07,34.038535,DIRECT,Tabela Prática TJSP - Antiga (arquivo fornecido pelo usuário),Atualização: valor / fator inicial x fator final; juros moratórios não incluídos.
2005-08,34.048746,DIRECT,Tabela Prática TJSP - Antiga (arquivo fornecido pelo usuário),Atualização: valor / fator inicial x fator final; juros moratórios não incluídos.
2005-09,34.048746,DIRECT,Tabela Prática TJSP - Antiga (arquivo fornecido pelo usuário),Atualização: valor / fator inicial x fator final; juros moratórios não incluídos.
2005-10,34.099819,DIRECT,Tabela Prática TJSP - Antiga (arquivo fornecido pelo usuário),Atualização: valor / fator inicial x fator final; juros moratórios não incluídos.
2005-11,34.297597,DIRECT,Tabela Prática TJSP - Antiga (arquivo fornecido pelo usuário),Atualização: valor / fator inicial x fator final; juros moratórios não incluídos.
2005-12,34.482804,DIRECT,Tabela Prática TJSP - Antiga (arquivo fornecido pelo usuário),Atualização: valor / fator inicial x fator final; juros moratórios não incluídos.
2006-01,34.620735,DIRECT,Tabela Prática TJSP - Antiga (arquivo fornecido pelo usuário),Atualização: valor / fator inicial x fator final; juros moratórios não incluídos.
2006-02,34.752293,DIRECT,Tabela Prática TJSP - Antiga (arquivo fornecido pelo usuário),Atualização: valor / fator inicial x fator final; juros moratórios não incluídos.
2006-03,34.832223,DIRECT,Tabela Prática TJSP - Antiga (arquivo fornecido pelo usuário),Atualização: valor / fator inicial x fator final; juros moratórios não incluídos.
2006-04,34.926270,DIRECT,Tabela Prática TJSP - Antiga (arquivo fornecido pelo usuário),Atualização: valor / fator inicial x fator final; juros moratórios não incluídos.
2006-05,34.968181,DIRECT,Tabela Prática TJSP - Antiga (arquivo fornecido pelo usuário),Atualização: valor / fator inicial x fator final; juros moratórios não incluídos.
2006-06,35.013639,DIRECT,Tabela Prática TJSP - Antiga (arquivo fornecido pelo usuário),Atualização: valor / fator inicial x fator final; juros moratórios não incluídos.
2006-07,34.989129,DIRECT,Tabela Prática TJSP - Antiga (arquivo fornecido pelo usuário),Atualização: valor / fator inicial x fator final; juros moratórios não incluídos.
2006-08,35.027617,DIRECT,Tabela Prática TJSP - Antiga (arquivo fornecido pelo usuário),Atualização: valor / fator inicial x fator final; juros moratórios não incluídos.
2006-09,35.020611,DIRECT,Tabela Prática TJSP - Antiga (arquivo fornecido pelo usuário),Atualização: valor / fator inicial x fator final; juros moratórios não incluídos.
2006-10,35.076643,DIRECT,Tabela Prática TJSP - Antiga (arquivo fornecido pelo usuário),Atualização: valor / fator inicial x fator final; juros moratórios não incluídos.
2006-11,35.227472,DIRECT,Tabela Prática TJSP - Antiga (arquivo fornecido pelo usuário),Atualização: valor / fator inicial x fator final; juros moratórios não incluídos.
2006-12,35.375427,DIRECT,Tabela Prática TJSP - Antiga (arquivo fornecido pelo usuário),Atualização: valor / fator inicial x fator final; juros moratórios não incluídos.
2007-01,35.594754,DIRECT,Tabela Prática TJSP - Antiga (arquivo fornecido pelo usuário),Atualização: valor / fator inicial x fator final; juros moratórios não incluídos.
2007-02,35.769168,DIRECT,Tabela Prática TJSP - Antiga (arquivo fornecido pelo usuário),Atualização: valor / fator inicial x fator final; juros moratórios não incluídos.
2007-03,35.919398,DIRECT,Tabela Prática TJSP - Antiga (arquivo fornecido pelo usuário),Atualização: valor / fator inicial x fator final; juros moratórios não incluídos.
2007-04,36.077443,DIRECT,Tabela Prática TJSP - Antiga (arquivo fornecido pelo usuário),Atualização: valor / fator inicial x fator final; juros moratórios não incluídos.
2007-05,36.171244,DIRECT,Tabela Prática TJSP - Antiga (arquivo fornecido pelo usuário),Atualização: valor / fator inicial x fator final; juros moratórios não incluídos.
2007-06,36.265289,DIRECT,Tabela Prática TJSP - Antiga (arquivo fornecido pelo usuário),Atualização: valor / fator inicial x fator final; juros moratórios não incluídos.
2007-07,36.377711,DIRECT,Tabela Prática TJSP - Antiga (arquivo fornecido pelo usuário),Atualização: valor / fator inicial x fator final; juros moratórios não incluídos.
2007-08,36.494119,DIRECT,Tabela Prática TJSP - Antiga (arquivo fornecido pelo usuário),Atualização: valor / fator inicial x fator final; juros moratórios não incluídos.
2007-09,36.709434,DIRECT,Tabela Prática TJSP - Antiga (arquivo fornecido pelo usuário),Atualização: valor / fator inicial x fator final; juros moratórios não incluídos.
2007-10,36.801207,DIRECT,Tabela Prática TJSP - Antiga (arquivo fornecido pelo usuário),Atualização: valor / fator inicial x fator final; juros moratórios não incluídos.
2007-11,36.911610,DIRECT,Tabela Prática TJSP - Antiga (arquivo fornecido pelo usuário),Atualização: valor / fator inicial x fator final; juros moratórios não incluídos.
2007-12,37.070329,DIRECT,Tabela Prática TJSP - Antiga (arquivo fornecido pelo usuário),Atualização: valor / fator inicial x fator final; juros moratórios não incluídos.
2008-01,37.429911,DIRECT,Tabela Prática TJSP - Antiga (arquivo fornecido pelo usuário),Atualização: valor / fator inicial x fator final; juros moratórios não incluídos.
2008-02,37.688177,DIRECT,Tabela Prática TJSP - Antiga (arquivo fornecido pelo usuário),Atualização: valor / fator inicial x fator final; juros moratórios não incluídos.
2008-03,37.869080,DIRECT,Tabela Prática TJSP - Antiga (arquivo fornecido pelo usuário),Atualização: valor / fator inicial x fator final; juros moratórios não incluídos.
2008-04,38.062212,DIRECT,Tabela Prática TJSP - Antiga (arquivo fornecido pelo usuário),Atualização: valor / fator inicial x fator final; juros moratórios não incluídos.
2008-05,38.305810,DIRECT,Tabela Prática TJSP - Antiga (arquivo fornecido pelo usuário),Atualização: valor / fator inicial x fator final; juros moratórios não incluídos.
2008-06,38.673545,DIRECT,Tabela Prática TJSP - Antiga (arquivo fornecido pelo usuário),Atualização: valor / fator inicial x fator final; juros moratórios não incluídos.
2008-07,39.025474,DIRECT,Tabela Prática TJSP - Antiga (arquivo fornecido pelo usuário),Atualização: valor / fator inicial x fator final; juros moratórios não incluídos.
2008-08,39.251821,DIRECT,Tabela Prática TJSP - Antiga (arquivo fornecido pelo usuário),Atualização: valor / fator inicial x fator final; juros moratórios não incluídos.
2008-09,39.334249,DIRECT,Tabela Prática TJSP - Antiga (arquivo fornecido pelo usuário),Atualização: valor / fator inicial x fator final; juros moratórios não incluídos.
2008-10,39.393250,DIRECT,Tabela Prática TJSP - Antiga (arquivo fornecido pelo usuário),Atualização: valor / fator inicial x fator final; juros moratórios não incluídos.
2008-11,39.590216,DIRECT,Tabela Prática TJSP - Antiga (arquivo fornecido pelo usuário),Atualização: valor / fator inicial x fator final; juros moratórios não incluídos.
2008-12,39.740658,DIRECT,Tabela Prática TJSP - Antiga (arquivo fornecido pelo usuário),Atualização: valor / fator inicial x fator final; juros moratórios não incluídos.
2009-01,39.855905,DIRECT,Tabela Prática TJSP - Antiga (arquivo fornecido pelo usuário),Atualização: valor / fator inicial x fator final; juros moratórios não incluídos.
2009-02,40.110982,DIRECT,Tabela Prática TJSP - Antiga (arquivo fornecido pelo usuário),Atualização: valor / fator inicial x fator final; juros moratórios não incluídos.
2009-03,40.235326,DIRECT,Tabela Prática TJSP - Antiga (arquivo fornecido pelo usuário),Atualização: valor / fator inicial x fator final; juros moratórios não incluídos.
2009-04,40.315796,DIRECT,Tabela Prática TJSP - Antiga (arquivo fornecido pelo usuário),Atualização: valor / fator inicial x fator final; juros moratórios não incluídos.
2009-05,40.537532,DIRECT,Tabela Prática TJSP - Antiga (arquivo fornecido pelo usuário),Atualização: valor / fator inicial x fator final; juros moratórios não incluídos.
2009-06,40.780757,DIRECT,Tabela Prática TJSP - Antiga (arquivo fornecido pelo usuário),Atualização: valor / fator inicial x fator final; juros moratórios não incluídos.
2009-07,40.952036,DIRECT,Tabela Prática TJSP - Antiga (arquivo fornecido pelo usuário),Atualização: valor / fator inicial x fator final; juros moratórios não incluídos.
2009-08,41.046225,DIRECT,Tabela Prática TJSP - Antiga (arquivo fornecido pelo usuário),Atualização: valor / fator inicial x fator final; juros moratórios não incluídos.
2009-09,41.079061,DIRECT,Tabela Prática TJSP - Antiga (arquivo fornecido pelo usuário),Atualização: valor / fator inicial x fator final; juros moratórios não incluídos.
2009-10,41.144787,DIRECT,Tabela Prática TJSP - Antiga (arquivo fornecido pelo usuário),Atualização: valor / fator inicial x fator final; juros moratórios não incluídos.
2009-11,41.243534,DIRECT,Tabela Prática TJSP - Antiga (arquivo fornecido pelo usuário),Atualização: valor / fator inicial x fator final; juros moratórios não incluídos.
2009-12,41.396135,DIRECT,Tabela Prática TJSP - Antiga (arquivo fornecido pelo usuário),Atualização: valor / fator inicial x fator final; juros moratórios não incluídos.
2010-01,41.495485,DIRECT,Tabela Prática TJSP - Antiga (arquivo fornecido pelo usuário),Atualização: valor / fator inicial x fator final; juros moratórios não incluídos.
2010-02,41.860645,DIRECT,Tabela Prática TJSP - Antiga (arquivo fornecido pelo usuário),Atualização: valor / fator inicial x fator final; juros moratórios não incluídos.
2010-03,42.153669,DIRECT,Tabela Prática TJSP - Antiga (arquivo fornecido pelo usuário),Atualização: valor / fator inicial x fator final; juros moratórios não incluídos.
2010-04,42.452960,DIRECT,Tabela Prática TJSP - Antiga (arquivo fornecido pelo usuário),Atualização: valor / fator inicial x fator final; juros moratórios não incluídos.
2010-05,42.762866,DIRECT,Tabela Prática TJSP - Antiga (arquivo fornecido pelo usuário),Atualização: valor / fator inicial x fator final; juros moratórios não incluídos.
2010-06,42.946746,DIRECT,Tabela Prática TJSP - Antiga (arquivo fornecido pelo usuário),Atualização: valor / fator inicial x fator final; juros moratórios não incluídos.
2010-07,42.899504,DIRECT,Tabela Prática TJSP - Antiga (arquivo fornecido pelo usuário),Atualização: valor / fator inicial x fator final; juros moratórios não incluídos.
2010-08,42.869474,DIRECT,Tabela Prática TJSP - Antiga (arquivo fornecido pelo usuário),Atualização: valor / fator inicial x fator final; juros moratórios não incluídos.
2010-09,42.839465,DIRECT,Tabela Prática TJSP - Antiga (arquivo fornecido pelo usuário),Atualização: valor / fator inicial x fator final; juros moratórios não incluídos.
2010-10,43.070798,DIRECT,Tabela Prática TJSP - Antiga (arquivo fornecido pelo usuário),Atualização: valor / fator inicial x fator final; juros moratórios não incluídos.
2010-11,43.467049,DIRECT,Tabela Prática TJSP - Antiga (arquivo fornecido pelo usuário),Atualização: valor / fator inicial x fator final; juros moratórios não incluídos.
2010-12,43.914759,DIRECT,Tabela Prática TJSP - Antiga (arquivo fornecido pelo usuário),Atualização: valor / fator inicial x fator final; juros moratórios não incluídos.
2011-01,44.178247,DIRECT,Tabela Prática TJSP - Antiga (arquivo fornecido pelo usuário),Atualização: valor / fator inicial x fator final; juros moratórios não incluídos.
2011-02,44.593522,DIRECT,Tabela Prática TJSP - Antiga (arquivo fornecido pelo usuário),Atualização: valor / fator inicial x fator final; juros moratórios não incluídos.
2011-03,44.834327,DIRECT,Tabela Prática TJSP - Antiga (arquivo fornecido pelo usuário),Atualização: valor / fator inicial x fator final; juros moratórios não incluídos.
2011-04,45.130233,DIRECT,Tabela Prática TJSP - Antiga (arquivo fornecido pelo usuário),Atualização: valor / fator inicial x fator final; juros moratórios não incluídos.
2011-05,45.455170,DIRECT,Tabela Prática TJSP - Antiga (arquivo fornecido pelo usuário),Atualização: valor / fator inicial x fator final; juros moratórios não incluídos.
2011-06,45.714264,DIRECT,Tabela Prática TJSP - Antiga (arquivo fornecido pelo usuário),Atualização: valor / fator inicial x fator final; juros moratórios não incluídos.
2011-07,45.814835,DIRECT,Tabela Prática TJSP - Antiga (arquivo fornecido pelo usuário),Atualização: valor / fator inicial x fator final; juros moratórios não incluídos.
2011-08,45.814835,DIRECT,Tabela Prática TJSP - Antiga (arquivo fornecido pelo usuário),Atualização: valor / fator inicial x fator final; juros moratórios não incluídos.
2011-09,46.007257,DIRECT,Tabela Prática TJSP - Antiga (arquivo fornecido pelo usuário),Atualização: valor / fator inicial x fator final; juros moratórios não incluídos.
2011-10,46.214289,DIRECT,Tabela Prática TJSP - Antiga (arquivo fornecido pelo usuário),Atualização: valor / fator inicial x fator final; juros moratórios não incluídos.
2011-11,46.362174,DIRECT,Tabela Prática TJSP - Antiga (arquivo fornecido pelo usuário),Atualização: valor / fator inicial x fator final; juros moratórios não incluídos.
2011-12,46.626438,DIRECT,Tabela Prática TJSP - Antiga (arquivo fornecido pelo usuário),Atualização: valor / fator inicial x fator final; juros moratórios não incluídos.
2012-01,46.864232,DIRECT,Tabela Prática TJSP - Antiga (arquivo fornecido pelo usuário),Atualização: valor / fator inicial x fator final; juros moratórios não incluídos.
2012-02,47.103239,DIRECT,Tabela Prática TJSP - Antiga (arquivo fornecido pelo usuário),Atualização: valor / fator inicial x fator final; juros moratórios não incluídos.
2012-03,47.286941,DIRECT,Tabela Prática TJSP - Antiga (arquivo fornecido pelo usuário),Atualização: valor / fator inicial x fator final; juros moratórios não incluídos.
2012-04,47.372057,DIRECT,Tabela Prática TJSP - Antiga (arquivo fornecido pelo usuário),Atualização: valor / fator inicial x fator final; juros moratórios não incluídos.
2012-05,47.675238,DIRECT,Tabela Prática TJSP - Antiga (arquivo fornecido pelo usuário),Atualização: valor / fator inicial x fator final; juros moratórios não incluídos.
2012-06,47.937451,DIRECT,Tabela Prática TJSP - Antiga (arquivo fornecido pelo usuário),Atualização: valor / fator inicial x fator final; juros moratórios não incluídos.
2012-07,48.062088,DIRECT,Tabela Prática TJSP - Antiga (arquivo fornecido pelo usuário),Atualização: valor / fator inicial x fator final; juros moratórios não incluídos.
2012-08,48.268754,DIRECT,Tabela Prática TJSP - Antiga (arquivo fornecido pelo usuário),Atualização: valor / fator inicial x fator final; juros moratórios não incluídos.
2012-09,48.485963,DIRECT,Tabela Prática TJSP - Antiga (arquivo fornecido pelo usuário),Atualização: valor / fator inicial x fator final; juros moratórios não incluídos.
2012-10,48.791424,DIRECT,Tabela Prática TJSP - Antiga (arquivo fornecido pelo usuário),Atualização: valor / fator inicial x fator final; juros moratórios não incluídos.
2012-11,49.137843,DIRECT,Tabela Prática TJSP - Antiga (arquivo fornecido pelo usuário),Atualização: valor / fator inicial x fator final; juros moratórios não incluídos.
2012-12,49.403187,DIRECT,Tabela Prática TJSP - Antiga (arquivo fornecido pelo usuário),Atualização: valor / fator inicial x fator final; juros moratórios não incluídos.
2013-01,49.768770,DIRECT,Tabela Prática TJSP - Antiga (arquivo fornecido pelo usuário),Atualização: valor / fator inicial x fator final; juros moratórios não incluídos.
2013-02,50.226642,DIRECT,Tabela Prática TJSP - Antiga (arquivo fornecido pelo usuário),Atualização: valor / fator inicial x fator final; juros moratórios não incluídos.
2013-03,50.487820,DIRECT,Tabela Prática TJSP - Antiga (arquivo fornecido pelo usuário),Atualização: valor / fator inicial x fator final; juros moratórios não incluídos.
2013-04,50.790746,DIRECT,Tabela Prática TJSP - Antiga (arquivo fornecido pelo usuário),Atualização: valor / fator inicial x fator final; juros moratórios não incluídos.
2013-05,51.090411,DIRECT,Tabela Prática TJSP - Antiga (arquivo fornecido pelo usuário),Atualização: valor / fator inicial x fator final; juros moratórios não incluídos.
2013-06,51.269227,DIRECT,Tabela Prática TJSP - Antiga (arquivo fornecido pelo usuário),Atualização: valor / fator inicial x fator final; juros moratórios não incluídos.
2013-07,51.412780,DIRECT,Tabela Prática TJSP - Antiga (arquivo fornecido pelo usuário),Atualização: valor / fator inicial x fator final; juros moratórios não incluídos.
2013-08,51.345943,DIRECT,Tabela Prática TJSP - Antiga (arquivo fornecido pelo usuário),Atualização: valor / fator inicial x fator final; juros moratórios não incluídos.
2013-09,51.428096,DIRECT,Tabela Prática TJSP - Antiga (arquivo fornecido pelo usuário),Atualização: valor / fator inicial x fator final; juros moratórios não incluídos.
2013-10,51.566951,DIRECT,Tabela Prática TJSP - Antiga (arquivo fornecido pelo usuário),Atualização: valor / fator inicial x fator final; juros moratórios não incluídos.
2013-11,51.881509,DIRECT,Tabela Prática TJSP - Antiga (arquivo fornecido pelo usuário),Atualização: valor / fator inicial x fator final; juros moratórios não incluídos.
2013-12,52.161669,DIRECT,Tabela Prática TJSP - Antiga (arquivo fornecido pelo usuário),Atualização: valor / fator inicial x fator final; juros moratórios não incluídos.
2014-01,52.537233,DIRECT,Tabela Prática TJSP - Antiga (arquivo fornecido pelo usuário),Atualização: valor / fator inicial x fator final; juros moratórios não incluídos.
2014-02,52.868217,DIRECT,Tabela Prática TJSP - Antiga (arquivo fornecido pelo usuário),Atualização: valor / fator inicial x fator final; juros moratórios não incluídos.
2014-03,53.206573,DIRECT,Tabela Prática TJSP - Antiga (arquivo fornecido pelo usuário),Atualização: valor / fator inicial x fator final; juros moratórios não incluídos.
2014-04,53.642866,DIRECT,Tabela Prática TJSP - Antiga (arquivo fornecido pelo usuário),Atualização: valor / fator inicial x fator final; juros moratórios não incluídos.
2014-05,54.061280,DIRECT,Tabela Prática TJSP - Antiga (arquivo fornecido pelo usuário),Atualização: valor / fator inicial x fator final; juros moratórios não incluídos.
2014-06,54.385647,DIRECT,Tabela Prática TJSP - Antiga (arquivo fornecido pelo usuário),Atualização: valor / fator inicial x fator final; juros moratórios não incluídos.
2014-07,54.527049,DIRECT,Tabela Prática TJSP - Antiga (arquivo fornecido pelo usuário),Atualização: valor / fator inicial x fator final; juros moratórios não incluídos.
2014-08,54.597934,DIRECT,Tabela Prática TJSP - Antiga (arquivo fornecido pelo usuário),Atualização: valor / fator inicial x fator final; juros moratórios não incluídos.
2014-09,54.696210,DIRECT,Tabela Prática TJSP - Antiga (arquivo fornecido pelo usuário),Atualização: valor / fator inicial x fator final; juros moratórios não incluídos.
2014-10,54.964221,DIRECT,Tabela Prática TJSP - Antiga (arquivo fornecido pelo usuário),Atualização: valor / fator inicial x fator final; juros moratórios não incluídos.
2014-11,55.173085,DIRECT,Tabela Prática TJSP - Antiga (arquivo fornecido pelo usuário),Atualização: valor / fator inicial x fator final; juros moratórios não incluídos.
2014-12,55.465502,DIRECT,Tabela Prática TJSP - Antiga (arquivo fornecido pelo usuário),Atualização: valor / fator inicial x fator final; juros moratórios não incluídos.
2015-01,55.809388,DIRECT,Tabela Prática TJSP - Antiga (arquivo fornecido pelo usuário),Atualização: valor / fator inicial x fator final; juros moratórios não incluídos.
2015-02,56.635366,DIRECT,Tabela Prática TJSP - Antiga (arquivo fornecido pelo usuário),Atualização: valor / fator inicial x fator final; juros moratórios não incluídos.
2015-03,57.292336,DIRECT,Tabela Prática TJSP - Antiga (arquivo fornecido pelo usuário),Atualização: valor / fator inicial x fator final; juros moratórios não incluídos.
2015-04,58.157450,DIRECT,Tabela Prática TJSP - Antiga (arquivo fornecido pelo usuário),Atualização: valor / fator inicial x fator final; juros moratórios não incluídos.
2015-05,58.570367,DIRECT,Tabela Prática TJSP - Antiga (arquivo fornecido pelo usuário),Atualização: valor / fator inicial x fator final; juros moratórios não incluídos.
2015-06,59.150213,DIRECT,Tabela Prática TJSP - Antiga (arquivo fornecido pelo usuário),Atualização: valor / fator inicial x fator final; juros moratórios não incluídos.
2015-07,59.605669,DIRECT,Tabela Prática TJSP - Antiga (arquivo fornecido pelo usuário),Atualização: valor / fator inicial x fator final; juros moratórios não incluídos.
2015-08,59.951381,DIRECT,Tabela Prática TJSP - Antiga (arquivo fornecido pelo usuário),Atualização: valor / fator inicial x fator final; juros moratórios não incluídos.
2015-09,60.101259,DIRECT,Tabela Prática TJSP - Antiga (arquivo fornecido pelo usuário),Atualização: valor / fator inicial x fator final; juros moratórios não incluídos.
2015-10,60.407775,DIRECT,Tabela Prática TJSP - Antiga (arquivo fornecido pelo usuário),Atualização: valor / fator inicial x fator final; juros moratórios não incluídos.
2015-11,60.872914,DIRECT,Tabela Prática TJSP - Antiga (arquivo fornecido pelo usuário),Atualização: valor / fator inicial x fator final; juros moratórios não incluídos.
2015-12,61.548603,DIRECT,Tabela Prática TJSP - Antiga (arquivo fornecido pelo usuário),Atualização: valor / fator inicial x fator final; juros moratórios não incluídos.
2016-01,62.102540,DIRECT,Tabela Prática TJSP - Antiga (arquivo fornecido pelo usuário),Atualização: valor / fator inicial x fator final; juros moratórios não incluídos.
2016-02,63.040288,DIRECT,Tabela Prática TJSP - Antiga (arquivo fornecido pelo usuário),Atualização: valor / fator inicial x fator final; juros moratórios não incluídos.
2016-03,63.639170,DIRECT,Tabela Prática TJSP - Antiga (arquivo fornecido pelo usuário),Atualização: valor / fator inicial x fator final; juros moratórios não incluídos.
2016-04,63.919182,DIRECT,Tabela Prática TJSP - Antiga (arquivo fornecido pelo usuário),Atualização: valor / fator inicial x fator final; juros moratórios não incluídos.
2016-05,64.328264,DIRECT,Tabela Prática TJSP - Antiga (arquivo fornecido pelo usuário),Atualização: valor / fator inicial x fator final; juros moratórios não incluídos.
2016-06,64.958680,DIRECT,Tabela Prática TJSP - Antiga (arquivo fornecido pelo usuário),Atualização: valor / fator inicial x fator final; juros moratórios não incluídos.
2016-07,65.263985,DIRECT,Tabela Prática TJSP - Antiga (arquivo fornecido pelo usuário),Atualização: valor / fator inicial x fator final; juros moratórios não incluídos.
2016-08,65.681674,DIRECT,Tabela Prática TJSP - Antiga (arquivo fornecido pelo usuário),Atualização: valor / fator inicial x fator final; juros moratórios não incluídos.
2016-09,65.885287,DIRECT,Tabela Prática TJSP - Antiga (arquivo fornecido pelo usuário),Atualização: valor / fator inicial x fator final; juros moratórios não incluídos.
2016-10,65.937995,DIRECT,Tabela Prática TJSP - Antiga (arquivo fornecido pelo usuário),Atualização: valor / fator inicial x fator final; juros moratórios não incluídos.
2016-11,66.050089,DIRECT,Tabela Prática TJSP - Antiga (arquivo fornecido pelo usuário),Atualização: valor / fator inicial x fator final; juros moratórios não incluídos.
2016-12,66.096324,DIRECT,Tabela Prática TJSP - Antiga (arquivo fornecido pelo usuário),Atualização: valor / fator inicial x fator final; juros moratórios não incluídos.
2017-01,66.188858,DIRECT,Tabela Prática TJSP - Antiga (arquivo fornecido pelo usuário),Atualização: valor / fator inicial x fator final; juros moratórios não incluídos.
2017-02,66.466851,DIRECT,Tabela Prática TJSP - Antiga (arquivo fornecido pelo usuário),Atualização: valor / fator inicial x fator final; juros moratórios não incluídos.
2017-03,66.626371,DIRECT,Tabela Prática TJSP - Antiga (arquivo fornecido pelo usuário),Atualização: valor / fator inicial x fator final; juros moratórios não incluídos.
2017-04,66.839575,DIRECT,Tabela Prática TJSP - Antiga (arquivo fornecido pelo usuário),Atualização: valor / fator inicial x fator final; juros moratórios não incluídos.
2017-05,66.893046,DIRECT,Tabela Prática TJSP - Antiga (arquivo fornecido pelo usuário),Atualização: valor / fator inicial x fator final; juros moratórios não incluídos.
2017-06,67.133860,DIRECT,Tabela Prática TJSP - Antiga (arquivo fornecido pelo usuário),Atualização: valor / fator inicial x fator final; juros moratórios não incluídos.
2017-07,66.932458,DIRECT,Tabela Prática TJSP - Antiga (arquivo fornecido pelo usuário),Atualização: valor / fator inicial x fator final; juros moratórios não incluídos.
2017-08,67.046243,DIRECT,Tabela Prática TJSP - Antiga (arquivo fornecido pelo usuário),Atualização: valor / fator inicial x fator final; juros moratórios não incluídos.
2017-09,67.026129,DIRECT,Tabela Prática TJSP - Antiga (arquivo fornecido pelo usuário),Atualização: valor / fator inicial x fator final; juros moratórios não incluídos.
2017-10,67.012723,DIRECT,Tabela Prática TJSP - Antiga (arquivo fornecido pelo usuário),Atualização: valor / fator inicial x fator final; juros moratórios não incluídos.
2017-11,67.260670,DIRECT,Tabela Prática TJSP - Antiga (arquivo fornecido pelo usuário),Atualização: valor / fator inicial x fator final; juros moratórios não incluídos.
2017-12,67.381739,DIRECT,Tabela Prática TJSP - Antiga (arquivo fornecido pelo usuário),Atualização: valor / fator inicial x fator final; juros moratórios não incluídos.
2018-01,67.556931,DIRECT,Tabela Prática TJSP - Antiga (arquivo fornecido pelo usuário),Atualização: valor / fator inicial x fator final; juros moratórios não incluídos.
2018-02,67.712311,DIRECT,Tabela Prática TJSP - Antiga (arquivo fornecido pelo usuário),Atualização: valor / fator inicial x fator final; juros moratórios não incluídos.
2018-03,67.834193,DIRECT,Tabela Prática TJSP - Antiga (arquivo fornecido pelo usuário),Atualização: valor / fator inicial x fator final; juros moratórios não incluídos.
2018-04,67.881676,DIRECT,Tabela Prática TJSP - Antiga (arquivo fornecido pelo usuário),Atualização: valor / fator inicial x fator final; juros moratórios não incluídos.
2018-05,68.024227,DIRECT,Tabela Prática TJSP - Antiga (arquivo fornecido pelo usuário),Atualização: valor / fator inicial x fator final; juros moratórios não incluídos.
2018-06,68.316731,DIRECT,Tabela Prática TJSP - Antiga (arquivo fornecido pelo usuário),Atualização: valor / fator inicial x fator final; juros moratórios não incluídos.
2018-07,69.293660,DIRECT,Tabela Prática TJSP - Antiga (arquivo fornecido pelo usuário),Atualização: valor / fator inicial x fator final; juros moratórios não incluídos.
2018-08,69.466894,DIRECT,Tabela Prática TJSP - Antiga (arquivo fornecido pelo usuário),Atualização: valor / fator inicial x fator final; juros moratórios não incluídos.
2018-09,69.466894,DIRECT,Tabela Prática TJSP - Antiga (arquivo fornecido pelo usuário),Atualização: valor / fator inicial x fator final; juros moratórios não incluídos.
2018-10,69.675294,DIRECT,Tabela Prática TJSP - Antiga (arquivo fornecido pelo usuário),Atualização: valor / fator inicial x fator final; juros moratórios não incluídos.
2018-11,69.953995,DIRECT,Tabela Prática TJSP - Antiga (arquivo fornecido pelo usuário),Atualização: valor / fator inicial x fator final; juros moratórios não incluídos.
2018-12,69.779110,DIRECT,Tabela Prática TJSP - Antiga (arquivo fornecido pelo usuário),Atualização: valor / fator inicial x fator final; juros moratórios não incluídos.
2019-01,69.876800,DIRECT,Tabela Prática TJSP - Antiga (arquivo fornecido pelo usuário),Atualização: valor / fator inicial x fator final; juros moratórios não incluídos.
2019-02,70.128356,DIRECT,Tabela Prática TJSP - Antiga (arquivo fornecido pelo usuário),Atualização: valor / fator inicial x fator final; juros moratórios não incluídos.
2019-03,70.507049,DIRECT,Tabela Prática TJSP - Antiga (arquivo fornecido pelo usuário),Atualização: valor / fator inicial x fator final; juros moratórios não incluídos.
2019-04,71.049953,DIRECT,Tabela Prática TJSP - Antiga (arquivo fornecido pelo usuário),Atualização: valor / fator inicial x fator final; juros moratórios não incluídos.
2019-05,71.476252,DIRECT,Tabela Prática TJSP - Antiga (arquivo fornecido pelo usuário),Atualização: valor / fator inicial x fator final; juros moratórios não incluídos.
2019-06,71.583466,DIRECT,Tabela Prática TJSP - Antiga (arquivo fornecido pelo usuário),Atualização: valor / fator inicial x fator final; juros moratórios não incluídos.
2019-07,71.590624,DIRECT,Tabela Prática TJSP - Antiga (arquivo fornecido pelo usuário),Atualização: valor / fator inicial x fator final; juros moratórios não incluídos.
2019-08,71.662214,DIRECT,Tabela Prática TJSP - Antiga (arquivo fornecido pelo usuário),Atualização: valor / fator inicial x fator final; juros moratórios não incluídos.
2019-09,71.748208,DIRECT,Tabela Prática TJSP - Antiga (arquivo fornecido pelo usuário),Atualização: valor / fator inicial x fator final; juros moratórios não incluídos.
2019-10,71.712333,DIRECT,Tabela Prática TJSP - Antiga (arquivo fornecido pelo usuário),Atualização: valor / fator inicial x fator final; juros moratórios não incluídos.
2019-11,71.741017,DIRECT,Tabela Prática TJSP - Antiga (arquivo fornecido pelo usuário),Atualização: valor / fator inicial x fator final; juros moratórios não incluídos.
2019-12,72.128418,DIRECT,Tabela Prática TJSP - Antiga (arquivo fornecido pelo usuário),Atualização: valor / fator inicial x fator final; juros moratórios não incluídos.
2020-01,73.008384,DIRECT,Tabela Prática TJSP - Antiga (arquivo fornecido pelo usuário),Atualização: valor / fator inicial x fator final; juros moratórios não incluídos.
2020-02,73.147099,DIRECT,Tabela Prática TJSP - Antiga (arquivo fornecido pelo usuário),Atualização: valor / fator inicial x fator final; juros moratórios não incluídos.
2020-03,73.271449,DIRECT,Tabela Prática TJSP - Antiga (arquivo fornecido pelo usuário),Atualização: valor / fator inicial x fator final; juros moratórios não incluídos.
2020-04,73.403337,DIRECT,Tabela Prática TJSP - Antiga (arquivo fornecido pelo usuário),Atualização: valor / fator inicial x fator final; juros moratórios não incluídos.
2020-05,73.234509,DIRECT,Tabela Prática TJSP - Antiga (arquivo fornecido pelo usuário),Atualização: valor / fator inicial x fator final; juros moratórios não incluídos.
2020-06,73.051422,DIRECT,Tabela Prática TJSP - Antiga (arquivo fornecido pelo usuário),Atualização: valor / fator inicial x fator final; juros moratórios não incluídos.
2020-07,73.270576,DIRECT,Tabela Prática TJSP - Antiga (arquivo fornecido pelo usuário),Atualização: valor / fator inicial x fator final; juros moratórios não incluídos.
2020-08,73.592966,DIRECT,Tabela Prática TJSP - Antiga (arquivo fornecido pelo usuário),Atualização: valor / fator inicial x fator final; juros moratórios não incluídos.
2020-09,73.857900,DIRECT,Tabela Prática TJSP - Antiga (arquivo fornecido pelo usuário),Atualização: valor / fator inicial x fator final; juros moratórios não incluídos.
2020-10,74.500463,DIRECT,Tabela Prática TJSP - Antiga (arquivo fornecido pelo usuário),Atualização: valor / fator inicial x fator final; juros moratórios não incluídos.
2020-11,75.163517,DIRECT,Tabela Prática TJSP - Antiga (arquivo fornecido pelo usuário),Atualização: valor / fator inicial x fator final; juros moratórios não incluídos.
2020-12,75.877570,DIRECT,Tabela Prática TJSP - Antiga (arquivo fornecido pelo usuário),Atualização: valor / fator inicial x fator final; juros moratórios não incluídos.
2021-01,76.985382,DIRECT,Tabela Prática TJSP - Antiga (arquivo fornecido pelo usuário),Atualização: valor / fator inicial x fator final; juros moratórios não incluídos.
2021-02,77.193242,DIRECT,Tabela Prática TJSP - Antiga (arquivo fornecido pelo usuário),Atualização: valor / fator inicial x fator final; juros moratórios não incluídos.
2021-03,77.826226,DIRECT,Tabela Prática TJSP - Antiga (arquivo fornecido pelo usuário),Atualização: valor / fator inicial x fator final; juros moratórios não incluídos.
2021-04,78.495531,DIRECT,Tabela Prática TJSP - Antiga (arquivo fornecido pelo usuário),Atualização: valor / fator inicial x fator final; juros moratórios não incluídos.
2021-05,78.793814,DIRECT,Tabela Prática TJSP - Antiga (arquivo fornecido pelo usuário),Atualização: valor / fator inicial x fator final; juros moratórios não incluídos.
2021-06,79.550234,DIRECT,Tabela Prática TJSP - Antiga (arquivo fornecido pelo usuário),Atualização: valor / fator inicial x fator final; juros moratórios não incluídos.
2021-07,80.027535,DIRECT,Tabela Prática TJSP - Antiga (arquivo fornecido pelo usuário),Atualização: valor / fator inicial x fator final; juros moratórios não incluídos.
2021-08,80.843815,DIRECT,Tabela Prática TJSP - Antiga (arquivo fornecido pelo usuário),Atualização: valor / fator inicial x fator final; juros moratórios não incluídos.
2021-09,81.555240,DIRECT,Tabela Prática TJSP - Antiga (arquivo fornecido pelo usuário),Atualização: valor / fator inicial x fator final; juros moratórios não incluídos.
2021-10,82.533902,DIRECT,Tabela Prática TJSP - Antiga (arquivo fornecido pelo usuário),Atualização: valor / fator inicial x fator final; juros moratórios não incluídos.
2021-11,83.491295,DIRECT,Tabela Prática TJSP - Antiga (arquivo fornecido pelo usuário),Atualização: valor / fator inicial x fator final; juros moratórios não incluídos.
2021-12,84.192621,DIRECT,Tabela Prática TJSP - Antiga (arquivo fornecido pelo usuário),Atualização: valor / fator inicial x fator final; juros moratórios não incluídos.
2022-01,84.807227,DIRECT,Tabela Prática TJSP - Antiga (arquivo fornecido pelo usuário),Atualização: valor / fator inicial x fator final; juros moratórios não incluídos.
2022-02,85.375435,DIRECT,Tabela Prática TJSP - Antiga (arquivo fornecido pelo usuário),Atualização: valor / fator inicial x fator final; juros moratórios não incluídos.
2022-03,86.229189,DIRECT,Tabela Prática TJSP - Antiga (arquivo fornecido pelo usuário),Atualização: valor / fator inicial x fator final; juros moratórios não incluídos.
2022-04,87.703708,DIRECT,Tabela Prática TJSP - Antiga (arquivo fornecido pelo usuário),Atualização: valor / fator inicial x fator final; juros moratórios não incluídos.
2022-05,88.615826,DIRECT,Tabela Prática TJSP - Antiga (arquivo fornecido pelo usuário),Atualização: valor / fator inicial x fator final; juros moratórios não incluídos.
2022-06,89.014597,DIRECT,Tabela Prática TJSP - Antiga (arquivo fornecido pelo usuário),Atualização: valor / fator inicial x fator final; juros moratórios não incluídos.
2022-07,89.566487,DIRECT,Tabela Prática TJSP - Antiga (arquivo fornecido pelo usuário),Atualização: valor / fator inicial x fator final; juros moratórios não incluídos.
2022-08,89.029088,DIRECT,Tabela Prática TJSP - Antiga (arquivo fornecido pelo usuário),Atualização: valor / fator inicial x fator final; juros moratórios não incluídos.
2022-09,88.753097,DIRECT,Tabela Prática TJSP - Antiga (arquivo fornecido pelo usuário),Atualização: valor / fator inicial x fator final; juros moratórios não incluídos.
2022-10,88.469087,DIRECT,Tabela Prática TJSP - Antiga (arquivo fornecido pelo usuário),Atualização: valor / fator inicial x fator final; juros moratórios não incluídos.
2022-11,88.884891,DIRECT,Tabela Prática TJSP - Antiga (arquivo fornecido pelo usuário),Atualização: valor / fator inicial x fator final; juros moratórios não incluídos.
2022-12,89.222653,DIRECT,Tabela Prática TJSP - Antiga (arquivo fornecido pelo usuário),Atualização: valor / fator inicial x fator final; juros moratórios não incluídos.
2023-01,89.838289,DIRECT,Tabela Prática TJSP - Antiga (arquivo fornecido pelo usuário),Atualização: valor / fator inicial x fator final; juros moratórios não incluídos.
2023-02,90.251545,DIRECT,Tabela Prática TJSP - Antiga (arquivo fornecido pelo usuário),Atualização: valor / fator inicial x fator final; juros moratórios não incluídos.
2023-03,90.946481,DIRECT,Tabela Prática TJSP - Antiga (arquivo fornecido pelo usuário),Atualização: valor / fator inicial x fator final; juros moratórios não incluídos.
2023-04,91.528538,DIRECT,Tabela Prática TJSP - Antiga (arquivo fornecido pelo usuário),Atualização: valor / fator inicial x fator final; juros moratórios não incluídos.
2023-05,92.013639,DIRECT,Tabela Prática TJSP - Antiga (arquivo fornecido pelo usuário),Atualização: valor / fator inicial x fator final; juros moratórios não incluídos.
2023-06,92.344888,DIRECT,Tabela Prática TJSP - Antiga (arquivo fornecido pelo usuário),Atualização: valor / fator inicial x fator final; juros moratórios não incluídos.
2023-07,92.252543,DIRECT,Tabela Prática TJSP - Antiga (arquivo fornecido pelo usuário),Atualização: valor / fator inicial x fator final; juros moratórios não incluídos.
2023-08,92.169515,DIRECT,Tabela Prática TJSP - Antiga (arquivo fornecido pelo usuário),Atualização: valor / fator inicial x fator final; juros moratórios não incluídos.
2023-09,92.353854,DIRECT,Tabela Prática TJSP - Antiga (arquivo fornecido pelo usuário),Atualização: valor / fator inicial x fator final; juros moratórios não incluídos.
2023-10,92.455443,DIRECT,Tabela Prática TJSP - Antiga (arquivo fornecido pelo usuário),Atualização: valor / fator inicial x fator final; juros moratórios não incluídos.
2023-11,92.566389,DIRECT,Tabela Prática TJSP - Antiga (arquivo fornecido pelo usuário),Atualização: valor / fator inicial x fator final; juros moratórios não incluídos.
2023-12,92.658955,DIRECT,Tabela Prática TJSP - Antiga (arquivo fornecido pelo usuário),Atualização: valor / fator inicial x fator final; juros moratórios não incluídos.
2024-01,93.168579,DIRECT,Tabela Prática TJSP - Antiga (arquivo fornecido pelo usuário),Atualização: valor / fator inicial x fator final; juros moratórios não incluídos.
2024-02,93.699639,DIRECT,Tabela Prática TJSP - Antiga (arquivo fornecido pelo usuário),Atualização: valor / fator inicial x fator final; juros moratórios não incluídos.
2024-03,94.458606,DIRECT,Tabela Prática TJSP - Antiga (arquivo fornecido pelo usuário),Atualização: valor / fator inicial x fator final; juros moratórios não incluídos.
2024-04,94.638077,DIRECT,Tabela Prática TJSP - Antiga (arquivo fornecido pelo usuário),Atualização: valor / fator inicial x fator final; juros moratórios não incluídos.
2024-05,94.988237,DIRECT,Tabela Prática TJSP - Antiga (arquivo fornecido pelo usuário),Atualização: valor / fator inicial x fator final; juros moratórios não incluídos.
2024-06,95.425182,DIRECT,Tabela Prática TJSP - Antiga (arquivo fornecido pelo usuário),Atualização: valor / fator inicial x fator final; juros moratórios não incluídos.
2024-07,95.663744,DIRECT,Tabela Prática TJSP - Antiga (arquivo fornecido pelo usuário),Atualização: valor / fator inicial x fator final; juros moratórios não incluídos.
2024-08,95.912469,DIRECT,Tabela Prática TJSP - Antiga (arquivo fornecido pelo usuário),Atualização: valor / fator inicial x fator final; juros moratórios não incluídos.
2024-09,95.778191,DIRECT,Tabela Prática TJSP - Antiga (arquivo fornecido pelo usuário),Atualização: valor / fator inicial x fator final; juros moratórios não incluídos.
2024-10,96.237926,DIRECT,Tabela Prática TJSP - Antiga (arquivo fornecido pelo usuário),Atualização: valor / fator inicial x fator final; juros moratórios não incluídos.
2024-11,96.824977,DIRECT,Tabela Prática TJSP - Antiga (arquivo fornecido pelo usuário),Atualização: valor / fator inicial x fator final; juros moratórios não incluídos.
2024-12,97.144499,DIRECT,Tabela Prática TJSP - Antiga (arquivo fornecido pelo usuário),Atualização: valor / fator inicial x fator final; juros moratórios não incluídos.
2025-01,97.610792,DIRECT,Tabela Prática TJSP - Antiga (arquivo fornecido pelo usuário),Atualização: valor / fator inicial x fator final; juros moratórios não incluídos.
2025-02,97.610792,DIRECT,Tabela Prática TJSP - Antiga (arquivo fornecido pelo usuário),Atualização: valor / fator inicial x fator final; juros moratórios não incluídos.
2025-03,99.055431,DIRECT,Tabela Prática TJSP - Antiga (arquivo fornecido pelo usuário),Atualização: valor / fator inicial x fator final; juros moratórios não incluídos.
2025-04,99.560613,DIRECT,Tabela Prática TJSP - Antiga (arquivo fornecido pelo usuário),Atualização: valor / fator inicial x fator final; juros moratórios não incluídos.
2025-05,100.038503,DIRECT,Tabela Prática TJSP - Antiga (arquivo fornecido pelo usuário),Atualização: valor / fator inicial x fator final; juros moratórios não incluídos.
2025-06,100.388637,DIRECT,Tabela Prática TJSP - Antiga (arquivo fornecido pelo usuário),Atualização: valor / fator inicial x fator final; juros moratórios não incluídos.
2025-07,100.619530,DIRECT,Tabela Prática TJSP - Antiga (arquivo fornecido pelo usuário),Atualização: valor / fator inicial x fator final; juros moratórios não incluídos.
2025-08,100.830831,DIRECT,Tabela Prática TJSP - Antiga (arquivo fornecido pelo usuário),Atualização: valor / fator inicial x fator final; juros moratórios não incluídos.
2025-09,100.619086,DIRECT,Tabela Prática TJSP - Antiga (arquivo fornecido pelo usuário),Atualização: valor / fator inicial x fator final; juros moratórios não incluídos.
2025-10,101.142305,DIRECT,Tabela Prática TJSP - Antiga (arquivo fornecido pelo usuário),Atualização: valor / fator inicial x fator final; juros moratórios não incluídos.
2025-11,101.172647,DIRECT,Tabela Prática TJSP - Antiga (arquivo fornecido pelo usuário),Atualização: valor / fator inicial x fator final; juros moratórios não incluídos.
2025-12,101.202998,DIRECT,Tabela Prática TJSP - Antiga (arquivo fornecido pelo usuário),Atualização: valor / fator inicial x fator final; juros moratórios não incluídos.
2026-01,101.415524,DIRECT,Tabela Prática TJSP - Antiga (arquivo fornecido pelo usuário),Atualização: valor / fator inicial x fator final; juros moratórios não incluídos.
2026-02,101.811044,DIRECT,Tabela Prática TJSP - Antiga (arquivo fornecido pelo usuário),Atualização: valor / fator inicial x fator final; juros moratórios não incluídos.
2026-03,102.381185,DIRECT,Tabela Prática TJSP - Antiga (arquivo fornecido pelo usuário),Atualização: valor / fator inicial x fator final; juros moratórios não incluídos.
2026-04,103.312853,DIRECT,Tabela Prática TJSP - Antiga (arquivo fornecido pelo usuário),Atualização: valor / fator inicial x fator final; juros moratórios não incluídos.
2026-05,104.149687,DIRECT,Tabela Prática TJSP - Antiga (arquivo fornecido pelo usuário),Atualização: valor / fator inicial x fator final; juros moratórios não incluídos.
2026-06,104.826659,DIRECT,Tabela Prática TJSP - Antiga (arquivo fornecido pelo usuário),Atualização: valor / fator inicial x fator final; juros moratórios não incluídos.
2026-07,104.973416,DIRECT,Tabela Prática TJSP - Antiga (arquivo fornecido pelo usuário),Atualização: valor / fator inicial x fator final; juros moratórios não incluídos.
